id,name,category,supplier,dimension,baseUnit,countUnit,purchaseUnit,packChain,basePerPurchase,pricingMode,purchasePrice,rate,rateUnit,pricePerDisplay,displayUnit,eachMeasure,isStocked,isPrepLinked,offers,primaryOfferSupplier,lastInvoiceDate,anomalies
cf95ab650508f480e8f85f5a,Baguette,BREAD,,COUNT,each,each,case,1 case = 20 each → 1 each = 1 each,20,PACK,62.7,,,3.1350000000000002,each,,true,false,0,,,COUNT_NO_EACH_MEASURE
c27a59107e6124e1590d0062,Brioche Unsliced,BREAD,,COUNT,each,cs,cs,1 cs = 8 each,8,PACK,80.24,,,10.03,each,1 each = 1100 g,true,false,2,Snow Cap,,
cmq91atsw0001cjmjqocaehf3,BUN BURGER SWT POTATO JAL CHDR,BREAD,Sysco,MASS,g,each,case,1 case = 72 each → 1 each = 74 g,5328,PACK,63.89,,,11.991366366366366,kg,,true,false,1,Sysco,,
c5845706c7c004844990739d,Burger Bun Sliced,BREAD,,COUNT,each,case,case,1 case = 8 each → 1 each = 9 each,72,PACK,58.42,,,0.8113888888888889,each,,true,false,2,Sysco,,COUNT_NO_EACH_MEASURE
cbb421ff317774de4927aaa0,Croissant Plain,BREAD,,COUNT,each,each,each,1 each = 1 each → 1 each = 1 each,1,PACK,2.7,,,2.7,each,,true,false,0,,,COUNT_NO_EACH_MEASURE
cf0e8862652634931a3e11fb,cruffins,BREAD,,COUNT,each,each,each,1 each = 1 each → 1 each = 1 each,1,PACK,2.6,,,2.6,each,,true,false,0,,,COUNT_NO_EACH_MEASURE
cmq8qulra0001we99ipbjw2bl,ENGLISH MUFFIN GF 4PK,BREAD,Snow Cap,COUNT,each,each,case,1 case = 6 pack → 1 pack = 4 each,24,PACK,40.51,,,1.6879166666666665,each,,true,false,1,Snow Cap,,COUNT_NO_EACH_MEASURE
cdd20a952d937496a9060872,GF Brioche Bun,BREAD,,COUNT,each,pack,case,1 case = 4 each → 1 each = 6 each,24,PACK,40.51,,,1.6879166666666665,each,,true,false,1,Snow Cap,,COUNT_UNIT_ORPHAN(pack); COUNT_NO_EACH_MEASURE
ce4f1a1e364e54ac3ad33acc,GF ENGLISH MUFFIN,BREAD,Sysco,COUNT,each,pack,case,1 case = 4 each → 1 each = 6 each,24,PACK,40.51,,,1.6879166666666665,each,,true,false,1,Snow Cap,,COUNT_UNIT_ORPHAN(pack); COUNT_NO_EACH_MEASURE
c62a49e4287f84fb9a6fed5f,GF SOFT WHITE LOAF,BREAD,,MASS,g,g,case,1 case = 4 each → 1 each = 480 g,1920,PACK,27,,,14.0625,kg,,true,false,1,Snow Cap,,
c28b67e3e4d624c81876f7b6,Naan Bread Round 8 in,BREAD,Sysco,COUNT,each,pack,case,1 case = 6 each → 1 each = 8 each,48,PACK,42.65,,,0.8885416666666667,each,,true,false,0,,,COUNT_UNIT_ORPHAN(pack); COUNT_NO_EACH_MEASURE
c9bba0d8fb3024850828db3d,Pain au Chocolate,BREAD,,COUNT,each,each,each,1 each = 1 each → 1 each = 1 each,1,PACK,2.9,,,2.9,each,,true,false,0,,,COUNT_NO_EACH_MEASURE
cefa9b02f245b460a9465538,Pastry shell chocolate,BREAD,,COUNT,each,each,each,1 each = 1 each → 1 each = 60 each,60,PACK,125.9,,,2.0983333333333336,each,,true,false,0,,,COUNT_UNIT_COLLISION(counting in 'each' resolves to 60 each); DUPLICATE_CHAIN_UNITS; COUNT_NO_EACH_MEASURE
cd150799d548845968f02b19,Pita Bread,BREAD,,COUNT,each,pack,case,1 case = 24 each → 1 each = 6 each,144,PACK,39.46,,,0.27402777777777776,each,1 each = 325 g,true,false,1,Snow Cap,,COUNT_UNIT_ORPHAN(pack)
cmqd0u6ra0013d3klj7kisr5f,Pizza Margherita RETAIL 12 x 615g WOOZA,BREAD,Legends Haul,MASS,g,each,case,1 case = 12 each → 1 each = 615 g,7380,PACK,160,,,21.680216802168022,kg,,true,false,1,Legends Haul,,
cmqd0u78c0015d3klxv7091qs,Pizza Pepperoni RETAIL 12 x 600g WOOZA,BREAD,Legends Haul,MASS,g,each,case,1 case = 12 each → 1 each = 600 g,7200,PACK,160,,,22.22222222222222,kg,,true,false,1,Legends Haul,,
c377ddd2be8bb428797ab0ac,PUFF PASTRY CROISSANT,BREAD,,COUNT,each,each,each,1 each = 1 each → 1 each = 10 each,10,PACK,182.36,,,18.236,each,,true,false,0,,,COUNT_UNIT_COLLISION(counting in 'each' resolves to 10 each); DUPLICATE_CHAIN_UNITS; COUNT_NO_EACH_MEASURE
cc7aef2abcf8e4bb0a8ccb48,Spring roll wrappers,BREAD,,MASS,g,kg,each,1 each = 1 each → 1 each = 11000 g,11000,PACK,138,,,12.545454545454545,kg,,true,false,0,,,DUPLICATE_CHAIN_UNITS
c88568a5e30f543fcb9e21bf,Yellow corn Tortillas,BREAD,Sysco,COUNT,each,pack,case,1 case = 12 each → 1 each = 60 each,720,PACK,77.14,,,0.1071388888888889,each,,true,false,1,Sysco,,COUNT_UNIT_ORPHAN(pack); COUNT_NO_EACH_MEASURE
cmqd2rwjq0003m7sn6hredhy9,DETERGENT POT/PAN MANUAL,CHM,Sysco,MASS,g,each,case,1 case = 3 each → 1 each = 907.184 g,2721.5519999999997,PACK,198.75,,,73.02818391858763,kg,,true,false,1,Sysco,,
c29808a2ebce14c9faf710ff,Butter,DAIRY,,MASS,g,case,case,1 case = 25 each → 1 each = 454 g,11350,PACK,172.79,,,15.223788546255506,kg,,true,false,1,Sysco,,
cmrs8n5d9000p1t5fof3hqh7s,BUTTER UNSALTED BULK CANADIAN,DAIRY,Snow Cap,MASS,g,each,each,1 each = 1 each → 1 each = 25000 g,25000,PACK,380.95,,,15.238,kg,,true,false,0,,,DUPLICATE_CHAIN_UNITS
cba2e986f99b1410ab42beaa,Buttermilk,DAIRY,,VOLUME,ml,ml,case,1 case = 4 each → 1 each = 4000 ml,16000,PACK,44.09,,,2.755625,L,,true,false,1,Snow Cap,,
cd1ab4731eef84b7fb557e6e,Cheddar smoked,DAIRY,Sysco,MASS,g,kg,case,1 case = 1000 g,1000,RATE,,34.23,kg,34.23,kg,,true,false,1,Sysco,,
cb02bff96e04441bebf78c62,Cheddar whiite,DAIRY,,MASS,g,each,case,1 case = 2 each → 1 each = 2270 g,4540,PACK,48.57,,,10.698237885462555,kg,,true,false,1,Sysco,,
cmr5ns9up001fan16ywcosf7l,CHEESE SWISS DOMSTC,DAIRY,Sysco,MASS,g,each,case,1 case = 1 each → 1 each = 3000 g,3000,PACK,73.28,,,24.426666666666666,kg,,true,false,0,,,
c93b5d280ea294b2298c5236,Cream cheese,DAIRY,,MASS,g,kg,case,1 case = 6 each → 1 each = 1500 g,9000,PACK,138.72,,,15.413333333333332,kg,,true,false,1,Sysco,,
c9224de244e004fdbaaf0c47,Cream whipped,DAIRY,Sysco,VOLUME,ml,ml,case,1 case = 16 each → 1 each = 946 ml,15136,PACK,109.71,,,7.248282241014798,L,,true,false,1,Sysco,,
c79d56c1fbab04f65943ec66,Feta,DAIRY,,MASS,g,g,case,1 case = 1 each → 1 each = 3000 g,3000,PACK,52.2,,,17.400000000000002,kg,,true,false,2,Snow Cap,,
c375042acc2174fbf8d8f250,Free Run Eggs,DAIRY,Sysco,COUNT,each,each,case,1 case = 12 pack → 1 pack = 15 each → 1 each = 1 each,180,PACK,78,,,0.43333333333333335,each,,true,false,1,Legends Haul,,COUNT_NO_EACH_MEASURE
c7958bffd5fab41a5b50b8e7,Goats Cheese,DAIRY,Sysco,MASS,g,g,case,1 case = 2 each → 1 each = 1000 g,2000,PACK,59.63,,,29.815,kg,,true,false,1,Sysco,,
ceae4f06c40aa40c6b0e8fa9,Grana Padano,DAIRY,Sysco,MASS,g,kg,case,1 case = 1000 g,1000,RATE,,29.3,kg,29.3,kg,,true,false,1,Sysco,,
c0d394a86440c4f83a126232,Greek Style Yogurt,DAIRY,Sysco,MASS,g,each,each,1 each = 1 each → 1 each = 4000 g,4000,PACK,30.26,,,7.565,kg,,true,false,0,,,DUPLICATE_CHAIN_UNITS
c01b2dee4170c444a9e298c6,Halloumi,DAIRY,Sysco,MASS,g,case,case,1 case = 10 each → 1 each = 250 g,2500,PACK,82.94,,,33.175999999999995,kg,,true,false,1,Sysco,,
c591a45cd3d1c4db598005cc,Havarti cheese,DAIRY,Sysco,MASS,g,kg,case,1 case = 3250 g,3250,RATE,,21.86,kg,21.86,kg,,true,false,1,Sysco,,
cmnmloj0g000fhgf0b7qb7fm9,Heavy Cream 35%,DAIRY,Snow Cap,VOLUME,ml,case,case,1 case = 16 each → 1 each = 1000 ml,16000,PACK,111.26,,,6.95375,L,,true,false,1,Sysco,2026-03-28,
ce4cfeb29051842b286dbd1d,Liquid Egg Yolk,DAIRY,,MASS,g,cs,cs,1 cs = 12 kg → 1 kg = 1000 g,12000,PACK,103.26,,,8.605,kg,,true,false,1,Sysco,,
c4876333942b64acd83c52ac,Margerine Vegan,DAIRY,,MASS,g,kg,each,1 each = 1 each → 1 each = 8000 g,8000,PACK,58.86,,,7.3575,kg,,true,false,0,,,DUPLICATE_CHAIN_UNITS
c72820a1e1f894a3c89b66f8,Mascarpone,DAIRY,Sysco,MASS,g,each,case,1 case = 6 each → 1 each = 475 g,2850,PACK,89.54,,,31.417543859649122,kg,,true,false,1,Sysco,,
cmpgcfsf80001100956dt4het,Milk Whole HOMOGENIZED,DAIRY,Snow Cap,VOLUME,ml,each,case,1 case = 4 each → 1 each = 4000 ml,16000,PACK,35.51,,,2.219375,L,,true,false,2,Snow Cap,,
ccf9e21df081741908148a6a,Provolone,DAIRY,,MASS,g,kg,each,1 each = 1 each → 1 each = 1000 g,1000,PACK,23.08,,,23.08,kg,,true,false,0,,,DUPLICATE_CHAIN_UNITS
cdd469c6cf1704301ac0d905,Ricotta,DAIRY,Sysco,MASS,g,each,each,1 each = 1 each → 1 each = 4000 g,4000,PACK,57.85,,,14.4625,kg,,true,false,1,Sysco,,DUPLICATE_CHAIN_UNITS
c4eded6f0b43a4703bde8268,Sour Cream,DAIRY,Sysco,VOLUME,ml,ml,case,1 case = 1 each → 1 each = 4000 ml,4000,PACK,30.96,,,7.74,L,,true,false,1,Sysco,,
cmscgkccc001d4mxpupkwxkff,10KG CB11NV DARK CALLET CHOCOLATE,DRY,Snow Cap,MASS,g,each,case,1 case = 1 each → 1 each = 10000 g,10000,PACK,212.5,,,21.25,kg,,true,false,0,,,
c56d0bbfe344a4b70afe442f,Activated Carbon,DRY,,MASS,g,kg,each,1 each = 1 each → 1 each = 454 g,454,PACK,63.16,,,139.11894273127754,kg,,true,false,0,,,DUPLICATE_CHAIN_UNITS
c831689202ff7468b818a541,agar agar,DRY,,MASS,g,kg,each,1 each = 1 each → 1 each = 500 g,500,PACK,61.84,,,123.68,kg,,true,false,0,,,DUPLICATE_CHAIN_UNITS
cc0d2fe0282dc4c50b960b68,All Purpose Flour,DRY,,MASS,g,case,case,1 case = 1 each → 1 each = 20000 g,20000,PACK,55.04,,,2.7520000000000002,kg,,true,false,1,Snow Cap,,
ca1077530796c40dcbfd150a,Allspice,DRY,,MASS,g,kg,each,1 each = 1 each → 1 each = 1000 g,1000,PACK,29.26,,,29.26,kg,,true,false,0,,,DUPLICATE_CHAIN_UNITS
cde7f43f75be941d79f68209,Almond flavor,DRY,,VOLUME,ml,l,each,1 each = 1 each → 1 each = 1000 ml,1000,PACK,14.58,,,14.58,L,,true,false,0,,,DUPLICATE_CHAIN_UNITS
c489e7c20752545c6ad490a1,Almond meal,DRY,,MASS,g,each,each,1 each = 1 each → 1 each = 5000 g,5000,PACK,80.67,,,16.134,kg,,true,false,0,,,DUPLICATE_CHAIN_UNITS
cee4deda18eb04e99810f176,Almond slices,DRY,Sysco,MASS,g,kg,case,1 case = 3 each → 1 each = 1000 g,3000,PACK,146.82,,,48.94,kg,,true,false,0,,,
c3ed6e4c02a184f2ead9af82,Ancho paste,DRY,,MASS,g,each,case,1 case = 6 each → 1 each = 410 g,2460,PACK,117.1,,,47.60162601626016,kg,,true,false,0,,,
cmsb6zmrv0001cvl672f3q1op,Anis Seed Whole,DRY,Snow Cap,MASS,g,case,case,1 case = 2000 g,2000,PACK,37.18,,,18.59,kg,,true,false,0,,,
c65c843ad53e04d08b6bda63,Apple mustard,DRY,,MASS,g,g,each,1 each = 1 each → 1 each = 1 g,1,PACK,0,,,0,kg,,true,false,0,,,ZERO_PRICE
cddd078b815ce4ad897047f5,ascorbic acid,DRY,,MASS,g,kg,each,1 each = 1 each → 1 each = 454 g,454,PACK,22.67,,,49.93392070484582,kg,,true,false,0,,,DUPLICATE_CHAIN_UNITS
cmrbjt0s30001jxtgceip7bem,B11NV DARK CHOC CALLETS 54%,DRY,Snow Cap,MASS,g,each,case,1 case = 1 each → 1 each = 10000 g,10000,PACK,214.31,,,21.430999999999997,kg,,true,false,0,,,
cbe532f0f92f847e0a0db495,Baking Powder,DRY,Sysco,MASS,g,kg,each,1 each = 1 each → 1 each = 3000 g,3000,PACK,112.83,,,37.61,kg,,true,false,1,Snow Cap,,DUPLICATE_CHAIN_UNITS
cb19653e6919c46c497fcbba,Baking Soda,DRY,,MASS,g,kg,each,1 each = 1 each → 1 each = 5000 g,5000,PACK,18.75,,,3.75,kg,,true,false,0,,,DUPLICATE_CHAIN_UNITS
cb5eafe454f484d67bb4d534,Barley,DRY,,MASS,g,kg,each,1 each = 1 each → 1 each = 20000 g,20000,PACK,48.19,,,2.4094999999999995,kg,,true,false,0,,,DUPLICATE_CHAIN_UNITS
c0e2550d646dd4ca6bc8c981,Bay Leaves,DRY,,MASS,g,each,each,1 each = 1 each → 1 each = 500 g,500,PACK,24.32,,,48.64,kg,,true,false,0,,,DUPLICATE_CHAIN_UNITS
ce051d80480c545289226644,Beans Dry Black,DRY,Sysco,MASS,g,kg,case,1 case = 1 each → 1 each = 10000 g,10000,PACK,35.48,,,3.5479999999999996,kg,,true,false,1,Sysco,,
ca8a5594b2cd94824954f24d,Beans Dry pinto,DRY,Sysco,MASS,g,kg,case,1 case = 1 each → 1 each = 20000 g,20000,PACK,79.87,,,3.9935000000000005,kg,,true,false,0,,,
cb5dc8d37740d41969f30257,Black caraway seeds,DRY,,MASS,g,kg,each,1 each = 1 each → 1 each = 455 g,455,PACK,13.9,,,30.54945054945055,kg,,true,false,0,,,DUPLICATE_CHAIN_UNITS
c230cbfc5954c433a9d7f434,black garlic,DRY,,MASS,g,pack,pack,1 pack = 1 each → 1 each = 250 g,250,PACK,31.51,,,126.04,kg,,true,false,0,,,
cde04bf17900b4d84b58e84c,Black Peppercorns,DRY,,MASS,g,kg,each,1 each = 1 each → 1 each = 2500 g,2500,PACK,49.7,,,19.880000000000003,kg,,true,false,1,Snow Cap,,DUPLICATE_CHAIN_UNITS
c7865d109448a4fc58e5ceae,black seasame seed,DRY,,MASS,g,each,each,1 each = 1 each → 1 each = 3000 g,3000,PACK,30.36,,,10.120000000000001,kg,,true,false,1,Sysco,,DUPLICATE_CHAIN_UNITS
c14ea3ef05f8b42d1ab74276,Buckwheats,DRY,,MASS,g,kg,each,1 each = 1 each → 1 each = 22680 g,22680,PACK,74.82,,,3.2989417989417986,kg,,true,false,0,,,DUPLICATE_CHAIN_UNITS
cmq8nownr0009mnco185k33j9,CAPER SURFINE,DRY,,COUNT,each,case,case,1 case = 1 each → 1 each = 1 each,1,PACK,92.45,,,92.45,each,1 each = 3.78 l,true,false,1,Sysco,,
c1c607044bccf4a299735eed,Capers,DRY,Sysco,VOLUME,ml,each,case,1 case = 2 each → 1 each = 3780 ml,7560,PACK,88.05,,,11.646825396825397,L,,true,false,0,,,
c10c4d2f4509a460fb439543,Caraway Seeds,DRY,,MASS,g,kg,each,1 each = 1 each → 1 each = 455 g,455,PACK,13.9,,,30.54945054945055,kg,,true,false,0,,,DUPLICATE_CHAIN_UNITS
cfc6167f00af24c0ea1820e2,Cashews,DRY,Sysco,MASS,g,kg,case,1 case = 2 each → 1 each = 1500 g,3000,PACK,99.06,,,33.02,kg,,true,false,1,Snow Cap,,
c5c79c973380c4f0caf66be4,Chana Flour,DRY,,MASS,g,kg,each,1 each = 1 each → 1 each = 18143.68 g,18143.68,PACK,66.34,,,3.6563696008747955,kg,,true,false,0,,,DUPLICATE_CHAIN_UNITS
cmsch55pa001tfe418fgnk7uh,CHEESE CURD,DRY,Sysco,MASS,g,case,case,1 case = 5 each → 1 each = 2000 g,10000,PACK,34.23,,,3.423,kg,,true,false,0,,,
cc2ce48a14003446abc311e9,Chestnut flour,DRY,,MASS,g,kg,each,1 each = 1 each → 1 each = 1000 g,1000,PACK,37.9,,,37.9,kg,,true,false,0,,,DUPLICATE_CHAIN_UNITS
c5a6b016bcd2f4d999f78546,Chia Seeds,DRY,,MASS,g,kg,each,1 each = 1 each → 1 each = 5000 g,5000,PACK,47.35,,,9.47,kg,,true,false,0,,,DUPLICATE_CHAIN_UNITS
c2e6d42ceb86a4ec0b629c47,Chickpea dry,DRY,Sysco,MASS,g,kg,each,1 each = 1 each → 1 each = 11300 g,11300,PACK,51.26,,,4.536283185840707,kg,,true,false,1,Sysco,,DUPLICATE_CHAIN_UNITS
cc378dbf5258e4ad18b405b0,Chickpea Flour,DRY,,MASS,g,kg,each,1 each = 1 each → 1 each = 10000 g,10000,PACK,75.79,,,7.579000000000001,kg,,true,false,0,,,DUPLICATE_CHAIN_UNITS
cad48aaab981a4029a7f6fad,Chocolate white,DRY,Sysco,MASS,g,kg,case,1 case = 1 each → 1 each = 5000 g,5000,PACK,139.06,,,27.812,kg,,true,false,1,Snow Cap,,
c64363647978645119b85eff,Cinammon Ground,DRY,,MASS,g,kg,each,1 each = 1 each → 1 each = 2000 g,2000,PACK,90.29,,,45.145,kg,,true,false,0,,,DUPLICATE_CHAIN_UNITS
c4bfc3a103622416798e5bfb,Cinnamon stick,DRY,Sysco,MASS,g,kg,case,1 case = 1 each → 1 each = 2270 g,2270,PACK,148.71,,,65.51101321585904,kg,,true,false,0,,,
ccb2a45644e3e4aabb90736c,citric acid,DRY,,MASS,g,kg,each,1 each = 1 each → 1 each = 1000 g,1000,PACK,16.36,,,16.36,kg,,true,false,0,,,DUPLICATE_CHAIN_UNITS
ca20d98fc1b9b43c3b11b2c0,cocoa butter chips,DRY,,MASS,g,kg,each,1 each = 1 each → 1 each = 3000 g,3000,PACK,209.06,,,69.68666666666667,kg,,true,false,0,,,DUPLICATE_CHAIN_UNITS
c3c4fbc1ac2b1405eb49b79c,Cocoa Nibs,DRY,,MASS,g,pack,pack,1 pack = 1 each → 1 each = 1000 g,1000,PACK,43,,,43,kg,,true,false,0,,,
c18ba621e9a8640a0af208e8,Cocoa powder,DRY,,MASS,g,kg,case,1 case = 3 each → 1 each = 1000 g,3000,PACK,141.76,,,47.25333333333333,kg,,true,false,0,,,
c6dd00e923f08466483bb7cb,Coconut fine repack,DRY,,MASS,g,kg,each,1 each = 1 each → 1 each = 5000 g,5000,PACK,47.84,,,9.568,kg,,true,false,0,,,DUPLICATE_CHAIN_UNITS
c54a2cadc0b12478793e2325,coconut milk,DRY,Sysco,VOLUME,ml,each,case,1 case = 12 each → 1 each = 400 ml,4800,PACK,119.89,,,24.977083333333333,L,,true,false,1,Sysco,,
c966a5c969e764895843973b,Coconut Oil,DRY,,MASS,g,kg,each,1 each = 1 each → 1 each = 15000 g,15000,PACK,167.33,,,11.155333333333335,kg,,true,false,0,,,DUPLICATE_CHAIN_UNITS
c2dc52f85bc1a46cb84fb871,Coconut ribbons,DRY,,MASS,g,kg,each,1 each = 1 each → 1 each = 5000 g,5000,PACK,56.23,,,11.245999999999999,kg,,true,false,0,,,DUPLICATE_CHAIN_UNITS
cmpgc9z2t0001x2yjm5xun8nn,Coffee Ground,DRY,,MASS,g,each,case,1 case = 1 each → 1 each = 400 g,400,PACK,19.8,,,49.5,kg,,true,false,0,,,
c3a9833a878d94a45a1d9d83,Coriander ground,DRY,,MASS,g,kg,each,1 each = 1 each → 1 each = 2000 g,2000,PACK,21.58,,,10.79,kg,,true,false,0,,,DUPLICATE_CHAIN_UNITS
c381c1550414a410ca67f540,Coriander Seeds,DRY,,MASS,g,kg,each,1 each = 1 each → 1 each = 454 g,454,PACK,11.79,,,25.96916299559471,kg,,true,false,0,,,DUPLICATE_CHAIN_UNITS
c68bf844429ef4a6cb419d9f,Corn Starch,DRY,,MASS,g,kg,each,1 each = 1 each → 1 each = 5000 g,5000,PACK,18.55,,,3.7100000000000004,kg,,true,false,1,Snow Cap,,DUPLICATE_CHAIN_UNITS
c052b354f2bc34f518ff4644,Cracked coriander seed,DRY,,MASS,g,g,each,1 each = 1 each → 1 each = 1 g,1,PACK,0,,,0,kg,,true,false,0,,,ZERO_PRICE
cf868217da8044a76b6dc5f6,Cranberries Dried,DRY,Sysco,MASS,g,kg,case,1 case = 2 each → 1 each = 1360 g,2720,PACK,34.36,,,12.63235294117647,kg,,true,false,0,,,
cf5f3de352a3a496ab5fd3f9,Crushed chili,DRY,,MASS,g,kg,each,1 each = 1 each → 1 each = 1000 g,1000,PACK,17.02,,,17.02,kg,,true,false,0,,,DUPLICATE_CHAIN_UNITS
c074e3254c4f4437887bcfbf,Cumin,DRY,,MASS,g,kg,case,1 case = 1000 g,1000,PACK,21.13,,,21.13,kg,,true,false,1,Snow Cap,,
c4c922d55ce474eac9bbd511,Cumin seeds,DRY,,MASS,g,kg,each,1 each = 1 each → 1 each = 454 g,454,PACK,13.84,,,30.484581497797354,kg,,true,false,0,,,DUPLICATE_CHAIN_UNITS
c111e075bcc9c46deb3d02ba,Curing salt PRAGUE,DRY,,MASS,g,kg,each,1 each = 1 each → 1 each = 1000 g,1000,PACK,16.36,,,16.36,kg,,true,false,0,,,DUPLICATE_CHAIN_UNITS
ca32c4f76c16e4ca4a62528e,Curry Powder,DRY,,MASS,g,kg,each,1 each = 1 each → 1 each = 2500 g,2500,PACK,28.18,,,11.271999999999998,kg,,true,false,0,,,DUPLICATE_CHAIN_UNITS
ca9985a7ac5874b9da842949,dark rye flour,DRY,,MASS,g,kg,each,1 each = 1 each → 1 each = 20000 g,20000,PACK,27.33,,,1.3664999999999998,kg,,true,false,0,,,DUPLICATE_CHAIN_UNITS
c9b554617281648459041959,Dried Diced Apricots,DRY,,MASS,g,kg,each,1 each = 1 each → 1 each = 12500 g,12500,PACK,262.5,,,21,kg,,true,false,0,,,DUPLICATE_CHAIN_UNITS
c247f9502a61b4faabc96973,dried onion flakes,DRY,,MASS,g,kg,each,1 each = 1 each → 1 each = 1315.4168 g,1315.4168,PACK,36,,,27.367751422971033,kg,,true,false,0,,,DUPLICATE_CHAIN_UNITS
cfbe6ba5556924cf28dbac6a,Dried Porcini Mushroom,DRY,,MASS,g,kg,each,1 each = 1 each → 1 each = 454 g,454,PACK,41.62,,,91.67400881057267,kg,,true,false,0,,,DUPLICATE_CHAIN_UNITS
cmr2rle2200012icuzyiz9h91,Durum Semolina,DRY,Snow Cap,MASS,g,case,case,1 case = 20000 g,20000,PACK,35.42,,,1.771,kg,,true,false,0,,,
cmnmloj0m000lhgf0lluupb29,Extra Virgin Olive Oil,DRY,Sysco,VOLUME,ml,each,case,1 case = 4 each → 1 each = 3000 ml,12000,PACK,146.56,,,12.213333333333333,L,,true,false,1,Sysco,2026-03-28,
c567563d5c4744eb4a905878,Fennel Seeds,DRY,Sysco,MASS,g,kg,pack,1 pack = 1 each → 1 each = 340.194 g,340.194,PACK,18.96,,,55.7329053422459,kg,,true,false,0,,,
c3b01fba297c74653b6c7540,Feuilletine,DRY,,MASS,g,kg,each,1 each = 1 each → 1 each = 2500 g,2500,PACK,54.09,,,21.636000000000003,kg,,true,false,0,,,DUPLICATE_CHAIN_UNITS
cfe3f780d6e4c4d73a3666ca,Figs Dried,DRY,,MASS,g,kg,each,1 each = 1 each → 1 each = 2270 g,2270,PACK,246.25,,,108.48017621145374,kg,,true,false,1,Snow Cap,,DUPLICATE_CHAIN_UNITS
cf276f2d27bf34b24a7c945a,Fish sauce,DRY,,VOLUME,ml,each,each,1 each = 1 each → 1 each = 700 ml,700,PACK,3.86,,,5.514285714285713,L,,true,false,0,,,DUPLICATE_CHAIN_UNITS
ca9243a65354d46e68c31241,Flaked SkipJack Tuna,DRY,,MASS,g,each,case,1 case = 6 each → 1 each = 1220 g,7320,PACK,134.56,,,18.382513661202186,kg,,true,false,0,,,
ca9c2ba0c609e47ceb4e84ba,Flax seed meal ground,DRY,,MASS,g,kg,each,1 each = 1 each → 1 each = 5000 g,5000,PACK,19.6,,,3.92,kg,,true,false,0,,,DUPLICATE_CHAIN_UNITS
c591138f7a6104d13a064b95,freeze dried raspberry,DRY,,MASS,g,each,each,1 each = 1 each → 1 each = 272 g,272,PACK,29.9,,,109.92647058823529,kg,,true,false,0,,,DUPLICATE_CHAIN_UNITS
c77c3773400bc4311b359ff4,Garam Masala,DRY,,MASS,g,kg,each,1 each = 1 each → 1 each = 550 g,550,PACK,34.89,,,63.43636363636364,kg,,true,false,0,,,DUPLICATE_CHAIN_UNITS
c332fd346c712464688a9bda,Garlic Powder,DRY,Sysco,MASS,g,kg,case,1 case = 12 each → 1 each = 525 g,6300,PACK,18.75,,,2.976190476190476,kg,,true,false,2,Sysco,,
c0f769399806047088b0892d,Gelatin,DRY,,MASS,g,kg,each,1 each = 1 each → 1 each = 1000 g,1000,PACK,53.05,,,53.05,kg,,true,false,0,,,DUPLICATE_CHAIN_UNITS
c174b8b6d45de4e73adef8e7,GF panko,DRY,,MASS,g,kg,case,1 case = 6 each → 1 each = 1133.98 g,6803.88,PACK,142.49,,,20.942462242132432,kg,,true,false,0,,,
cda38a81d652743488eac5c4,Gluten Free Flour,DRY,,MASS,g,kg,case,1 case = 1 each → 1 each = 10000 g,10000,PACK,72.8,,,7.28,kg,,true,false,0,,,
cf3ece895740c48bfbd98b5c,Gochujang,DRY,Sysco,MASS,g,each,case,1 case = 12 each → 1 each = 498.9512 g,5987.4144,PACK,121.93,,,20.36438299644,kg,,true,false,0,,,
c4ebdab550db7444fa796535,Graham Crumbs,DRY,,MASS,g,kg,each,1 each = 1 each → 1 each = 5000 g,5000,PACK,26.88,,,5.3759999999999994,kg,,true,false,0,,,DUPLICATE_CHAIN_UNITS
cmqt2einl00017mql6o4546gj,GRAIN SPECIALITY COUS COUS,DRY,Sysco,MASS,g,each,case,1 case = 1 each → 1 each = 10000 g,10000,PACK,90.7,,,9.07,kg,,true,false,0,,,
cbf77af4541e840758301f21,Granny Smith apple,DRY,Sysco,COUNT,each,each,case,1 case = 1 each → 1 each = 113 each,113,PACK,52.37,,,0.46345132743362827,each,,true,false,1,Sysco,,COUNT_UNIT_COLLISION(counting in 'each' resolves to 113 each); COUNT_NO_EACH_MEASURE
c6148e529546e4e0aaa51716,Green Peppercorns,DRY,,VOLUME,ml,each,case,1 case = 24 each → 1 each = 212 ml,5088,PACK,153,,,30.07075471698113,L,,true,false,0,,,
ce1435fbb22464adeb038e4a,Ground Cardamom,DRY,,MASS,g,kg,each,1 each = 1 each → 1 each = 800 g,800,PACK,54.9,,,68.62499999999999,kg,,true,false,0,,,DUPLICATE_CHAIN_UNITS
ce0c89811241a4dc9ad645b5,Ground Ginger,DRY,,MASS,g,kg,each,1 each = 1 each → 1 each = 800 g,800,PACK,15.99,,,19.9875,kg,,true,false,0,,,DUPLICATE_CHAIN_UNITS
c614c6c29a4ca44378d7dcbe,gum xantham,DRY,,MASS,g,kg,each,1 each = 1 each → 1 each = 1000 g,1000,PACK,21.25,,,21.25,kg,,true,false,0,,,DUPLICATE_CHAIN_UNITS
cc82d66e468e04ca9b357dc3,Hawaiian black salt,DRY,,MASS,g,each,each,1 each = 1 each → 1 each = 454 g,454,PACK,37.84,,,83.34801762114539,kg,,true,false,0,,,DUPLICATE_CHAIN_UNITS
c913e96b8e9a84eae988830f,Hazelnuts,DRY,,MASS,g,kg,each,1 each = 1 each → 1 each = 1500 g,1500,PACK,68.25,,,45.5,kg,,true,false,0,,,DUPLICATE_CHAIN_UNITS
c85fb127ed50441168fe1ccf,Honey,DRY,,MASS,g,each,each,1 each = 1 each → 1 each = 15000 g,15000,PACK,119.06,,,7.937333333333333,kg,,true,false,1,Snow Cap,,DUPLICATE_CHAIN_UNITS
c60ddc3d0f3fb40108568f29,iota carragean,DRY,,MASS,g,kg,each,1 each = 1 each → 1 each = 500 g,500,PACK,98.46,,,196.92,kg,,true,false,0,,,DUPLICATE_CHAIN_UNITS
cfea619e462564ec69529bf6,Jasmine Rice,DRY,Sysco,MASS,g,cs,cs,1 cs = 18100 g,18100,PACK,49.99,,,2.761878453038674,kg,,true,false,1,Sysco,,
cmrs8frhx000l1449b3p7lt7j,JUICE CRANBERRY CKTL,DRY,Sysco,VOLUME,ml,each,case,1 case = 8 each → 1 each = 1770 ml,14160,PACK,44.6,,,3.1497175141242937,L,,true,false,0,,,
c15432ebdec594b619569eaf,Juniper Berries,DRY,,MASS,g,kg,each,1 each = 1 each → 1 each = 300 g,300,PACK,30.31,,,101.03333333333332,kg,,true,false,0,,,DUPLICATE_CHAIN_UNITS
c35a6f0f7e51e43f48902f6b,Kalamata olive brine,DRY,,MASS,g,g,each,1 each = 1 each → 1 each = 1 g,1,PACK,0,,,0,kg,,true,false,0,,,ZERO_PRICE
cad0069fffaa6490b934089e,kappa Carrageenan,DRY,,MASS,g,kg,each,1 each = 1 each → 1 each = 500 g,500,PACK,50.46,,,100.92,kg,,true,false,0,,,DUPLICATE_CHAIN_UNITS
c63f22c781ef749e1b7947a2,kelp,DRY,,MASS,g,kg,each,1 each = 1 each → 1 each = 1000 g,1000,PACK,74.53,,,74.53,kg,,true,false,0,,,DUPLICATE_CHAIN_UNITS
ce1430415e4ac40c6acd3374,Ketchup,DRY,Sysco,VOLUME,ml,each,each,1 each = 1 each → 1 each = 11350 ml,11350,PACK,52.81,,,4.652863436123348,L,,true,false,1,Sysco,,DUPLICATE_CHAIN_UNITS
cea6cc57bc012450e89c7b4e,Koji Rice,DRY,,MASS,g,kg,each,1 each = 1 each → 1 each = 454 g,454,PACK,23.94,,,52.731277533039645,kg,,true,false,0,,,DUPLICATE_CHAIN_UNITS
c763943f3c795453a9c2c3fa,Kosher Salt,DRY,Sysco,MASS,g,g,case,1 case = 9 each → 1 each = 1360.776 g,12246.984,PACK,111.97,,,9.14265912325843,kg,,true,false,1,Snow Cap,,
cd8d59ba7298d495ab69b75e,Lemon Juice,DRY,,VOLUME,ml,each,each,1 each = 1 each → 1 each = 946 ml,946,PACK,36.35,,,38.42494714587738,L,,true,false,1,Sysco,,DUPLICATE_CHAIN_UNITS
c1fc5e8c3c05f4b6badc90a5,Lentils Black Beluga,DRY,Sysco,MASS,g,kg,case,1 case = 2 each → 1 each = 2500 g,5000,PACK,38.4,,,7.68,kg,,true,false,0,,,
ca246e44fa1eb43c39a1b7b2,Lentils French,DRY,,MASS,g,each,case,1 case = 2 each → 1 each = 2500 g,5000,PACK,68.31,,,13.662,kg,,true,false,0,,,
ccebad1e2e2494e5899708f9,Lentils red,DRY,,MASS,g,each,case,1 case = 2 each → 1 each = 1500 g,3000,PACK,24.27,,,8.09,kg,,true,false,0,,,
c7cbd7ba9cafd417e94eba6e,Lime Juice,DRY,Sysco,VOLUME,ml,ml,case,1 case = 6 each → 1 each = 907.184 ml,5443.103999999999,PACK,57.64,,,10.589545964949412,L,,true,false,1,Sysco,,
c860fb4520362420686b7b12,Maldon salt,DRY,,MASS,g,each,each,1 each = 1 each → 1 each = 240 g,240,PACK,11.34,,,47.25,kg,,true,false,0,,,DUPLICATE_CHAIN_UNITS
cea3b95b235554186a7f2f63,Malic Acid,DRY,,MASS,g,kg,each,1 each = 1 each → 1 each = 454 g,454,PACK,11.3,,,24.889867841409693,kg,,true,false,0,,,DUPLICATE_CHAIN_UNITS
c95cf98d23f224400ab5d7a7,maltodextrin,DRY,,MASS,g,kg,each,1 each = 1 each → 1 each = 1000 g,1000,PACK,29.85,,,29.85,kg,,true,false,1,Snow Cap,,DUPLICATE_CHAIN_UNITS
cfff92c4ed31040c59227214,Maple Syrup,DRY,,MASS,g,kg,each,1 each = 1 each → 1 each = 25000 g,25000,PACK,302.83,,,12.113199999999999,kg,,true,false,1,Snow Cap,,DUPLICATE_CHAIN_UNITS
cmrs88kjp0001mkbnxc2zt7qu,MAYONNAISE VEGAN,DRY,Sysco,VOLUME,ml,each,case,1 case = 2 each → 1 each = 3780 ml,7560,PACK,116.42,,,15.399470899470899,L,,true,false,0,,,
cb4add659ee0a4abab90b385,Mexican Chili Powder,DRY,,MASS,g,kg,case,1 case = 1000 g,1000,PACK,19.96,,,19.96,kg,,true,false,1,Snow Cap,,
c37ac4e97c7994a1fb81d32a,Milk Condensed,DRY,Sysco,VOLUME,ml,each,case,1 case = 24 each → 1 each = 300 ml,7200,PACK,132.68,,,18.42777777777778,L,,true,false,0,,,
cddcbada78a624632a61d70f,Millet,DRY,,MASS,g,kg,each,1 each = 1 each → 1 each = 25000 g,25000,PACK,42.6,,,1.704,kg,,true,false,0,,,DUPLICATE_CHAIN_UNITS
cb9eb37068e3549d5bf58a8f,Mirin Seasoning,DRY,Sysco,VOLUME,ml,pack,pack,1 pack = 12 each → 1 each = 1000 ml,12000,PACK,9,,,0.75,L,,true,false,1,Sysco,,
c35b8e31db9734c1ab4e58a5,Miso,DRY,Sysco,MASS,g,g,case,1 case = 1 each → 1 each = 1000 g,1000,PACK,16.97,,,16.97,kg,,true,false,1,Sysco,,
cc1dea54487f34b0596ac2ce,Mixed mushrooms,DRY,Sysco,MASS,g,g,case,1 case = 1 each → 1 each = 2267.96 g,2267.96,PACK,39.65,,,17.482671652057356,kg,,true,false,0,,,
c8812166e48964cb6a3926de,Molasses,DRY,,MASS,g,kg,each,1 each = 1 each → 1 each = 25000 g,25000,PACK,72.44,,,2.8975999999999997,kg,,true,false,0,,,DUPLICATE_CHAIN_UNITS
c504b6bb3690142078df755a,Mustard Dijon,DRY,Sysco,VOLUME,ml,case,case,1 case = 2 each → 1 each = 5000 ml,10000,PACK,46.09,,,4.609,L,,true,false,1,Sysco,,
c8c2b1a8aaba6487a9078f62,Mustard Seeds,DRY,,MASS,g,kg,each,1 each = 1 each → 1 each = 3500 g,3500,PACK,27.5,,,7.857142857142858,kg,,true,false,1,Snow Cap,,DUPLICATE_CHAIN_UNITS
c3d1578a6f596403d83924c1,Mustard Seeds Ground,DRY,,MASS,g,kg,each,1 each = 1 each → 1 each = 2500 g,2500,PACK,22.75,,,9.1,kg,,true,false,1,Snow Cap,,DUPLICATE_CHAIN_UNITS
cmqkbi502000114dsu6suxhhw,NOODLE RICE STK VERMICELLI,DRY,Sysco,MASS,g,each,CS,1 CS = 12 each → 1 each = 400 g,4800,PACK,34.16,,,7.116666666666666,kg,,true,false,0,,,
cmqlfpz5g0003sito796zmlu5,NOODLE SOBA BUCKWHEAT,DRY,Sysco,MASS,g,each,case,1 case = 12 each → 1 each = 1300 g,15600,PACK,112.65,,,7.221153846153847,kg,,true,false,1,Sysco,,
cc02f7a7459fc404294f4b6c,Nori sheets,DRY,Sysco,COUNT,each,each,pack,1 pack = 1 each → 1 each = 100 each,100,PACK,44.77,,,0.44770000000000004,each,,true,false,0,,,COUNT_UNIT_COLLISION(counting in 'each' resolves to 100 each); COUNT_NO_EACH_MEASURE
cb43733c6f17b4a8680ba519,Nutmeg,DRY,,MASS,g,kg,each,1 each = 1 each → 1 each = 1000 g,1000,PACK,32.77,,,32.77,kg,,true,false,0,,,DUPLICATE_CHAIN_UNITS
ca5e60fd41b324310920e534,Nutritional Yeast,DRY,,MASS,g,kg,each,1 each = 1 each → 1 each = 2270 g,2270,PACK,59.33,,,26.13656387665198,kg,,true,false,1,Snow Cap,,DUPLICATE_CHAIN_UNITS
c8d95912f3a83428e8ea3130,Oats gf,DRY,,MASS,g,kg,each,1 each = 1 each → 1 each = 22700 g,22700,PACK,72.8,,,3.2070484581497793,kg,,true,false,0,,,DUPLICATE_CHAIN_UNITS
c2b61d325558d4fd68ce429f,Oil Canola,DRY,Sysco,VOLUME,ml,ml,case,1 case = 4 each → 1 each = 3000 ml,12000,PACK,65.36,,,5.446666666666666,L,,true,false,1,Sysco,,
c26b1f77212be41b8a897d18,Oil Canola Fryer,DRY,,VOLUME,ml,ml,case,1 case = 1 each → 1 each = 16000 ml,16000,PACK,45.37,,,2.835625,L,,true,false,1,Sysco,,
cmqmtt156000blsz2zi179p2t,OIL GRAPESEED,DRY,Sysco,VOLUME,ml,each,case,1 case = 4 each → 1 each = 3000 ml,12000,PACK,123.6,,,10.3,L,,true,false,0,,,
ca85c19ad78294db68c487f6,Olive Oil Extra,DRY,,VOLUME,ml,each,case,1 case = 6 each → 1 each = 3000 ml,18000,PACK,185,,,10.277777777777779,L,,true,false,0,,,
c1e9b2fb0f8044612ac49862,Olives Kalamata,DRY,Sysco,MASS,g,each,case,1 case = 10 each → 1 each = 1000 g,10000,PACK,158.78,,,15.878,kg,,true,false,0,,,
cbc7d520b7b454018bc5d80f,Olives Mixed Mediterranean,DRY,Sysco,MASS,g,each,case,1 case = 2 each → 1 each = 3000 g,6000,PACK,128.04,,,21.339999999999996,kg,,true,false,0,,,
cdaae8d4b7fd64ed29f83841,Onion Powder,DRY,,MASS,g,kg,each,1 each = 1 each → 1 each = 3000 g,3000,PACK,42.74,,,14.246666666666668,kg,,true,false,0,,,DUPLICATE_CHAIN_UNITS
cf107f13358aa45e39e16495,Oregano Dry,DRY,,MASS,g,kg,each,1 each = 1 each → 1 each = 1000 g,1000,PACK,27.31,,,27.31,kg,,true,false,0,,,DUPLICATE_CHAIN_UNITS
c1b371d5c3ec347be8fd4a34,pan spray oil,DRY,,MASS,g,each,case,1 case = 6 each → 1 each = 502 g,3012,PACK,88.23,,,29.292828685258964,kg,,true,false,0,,,
c3aed9b3202524418a1d0888,Paprika smoked,DRY,Sysco,MASS,g,case,case,1 case = 1000 g,1000,PACK,21.13,,,21.13,kg,,true,false,1,Snow Cap,,
c06166ff538684cd8b6ad6c8,Pecans,DRY,,MASS,g,kg,each,1 each = 1 each → 1 each = 5000 g,5000,PACK,138.19,,,27.637999999999998,kg,,true,false,1,Snow Cap,,DUPLICATE_CHAIN_UNITS
c82656e27357a439789068a1,Pepper Cayenne,DRY,,MASS,g,kg,each,1 each = 1 each → 1 each = 1000 g,1000,PACK,16.87,,,16.87,kg,,true,false,1,Snow Cap,,DUPLICATE_CHAIN_UNITS
c8eb37b35ff934cbb9c03f3a,Pepper Ground White,DRY,,MASS,g,kg,each,1 each = 1 each → 1 each = 2500 g,2500,PACK,75.79,,,30.316000000000003,kg,,true,false,0,,,DUPLICATE_CHAIN_UNITS
ca07974681ed54d539de1904,Pine Nuts,DRY,Sysco,MASS,g,kg,case,1 case = 2 each → 1 each = 1500 g,3000,PACK,236.12,,,78.70666666666668,kg,,true,false,0,,,
cb08a349d37e443388df60e1,Pink Peppercorn,DRY,,MASS,g,kg,each,1 each = 1 each → 1 each = 225 g,225,PACK,25.2,,,112,kg,,true,false,0,,,DUPLICATE_CHAIN_UNITS
cd575b4496ae045e28eb0a18,Pitted Dates,DRY,,MASS,g,kg,each,1 each = 1 each → 1 each = 12500 g,12500,PACK,48.04,,,3.8432,kg,,true,false,0,,,DUPLICATE_CHAIN_UNITS
cb22cfa38cfc342ac8a93a65,poppy seed,DRY,,MASS,g,kg,each,1 each = 1 each → 1 each = 640 g,640,PACK,22.24,,,34.74999999999999,kg,,true,false,0,,,DUPLICATE_CHAIN_UNITS
ceae7825a922544c1a1ba78b,Potato Starch,DRY,,MASS,g,kg,each,1 each = 1 each → 1 each = 5000 g,5000,PACK,21.47,,,4.2940000000000005,kg,,true,false,0,,,DUPLICATE_CHAIN_UNITS
ca09d3be7f7d247acbbfabd2,Pumpkin Seeds,DRY,,MASS,g,kg,each,1 each = 1 each → 1 each = 5000 g,5000,PACK,42.84,,,8.568000000000001,kg,,true,false,1,Snow Cap,,DUPLICATE_CHAIN_UNITS
c62f5adbe20de4c43999b6d5,Quinoa Tricolor,DRY,,MASS,g,kg,each,1 each = 1 each → 1 each = 5000 g,5000,PACK,47.52,,,9.504,kg,,true,false,0,,,DUPLICATE_CHAIN_UNITS
c8c4a5173f0b04439aa80556,Raisins,DRY,,MASS,g,kg,each,1 each = 1 each → 1 each = 10000 g,10000,PACK,57.56,,,5.756,kg,,true,false,0,,,DUPLICATE_CHAIN_UNITS
c3153ddabb39940e091f6026,Red cooking wine,DRY,Sysco,VOLUME,ml,l,case,1 case = 4 each → 1 each = 3780 ml,15120,PACK,107.66,,,7.120370370370369,L,,true,false,0,,,
c9270621767784a9dbc6ce25,Rice flour,DRY,,MASS,g,kg,each,1 each = 1 each → 1 each = 5000 g,5000,PACK,19.63,,,3.9259999999999997,kg,,true,false,1,Snow Cap,,DUPLICATE_CHAIN_UNITS
ca28d03f3faff45908b760ba,Rice Paper,DRY,,MASS,g,each,each,1 each = 1 each → 1 each = 400 g,400,PACK,11.44,,,28.6,kg,,true,false,0,,,DUPLICATE_CHAIN_UNITS
c865c837dc3394714a2c05b0,rice vinegar,DRY,Sysco,VOLUME,ml,each,case,1 case = 12 each → 1 each = 710 ml,8520,PACK,78.47,,,9.210093896713616,L,,true,false,0,,,
ce084a4039e6d44b89cf6662,Rolled oats,DRY,Sysco,MASS,g,g,bag,1 bag = 1 each → 1 each = 11340 g,11340,PACK,120.85,,,10.656966490299824,kg,,true,false,0,,,
ceec44766c7ba47b8a7b6423,Rosemary Dry,DRY,,MASS,g,kg,each,1 each = 1 each → 1 each = 1000 g,1000,PACK,14.3,,,14.3,kg,,true,false,0,,,DUPLICATE_CHAIN_UNITS
c1e8dc12818b142c281952c2,Rum flavor,DRY,,VOLUME,ml,pack,pack,1 pack = 1 each → 1 each = 1000 ml,1000,PACK,16.35,,,16.35,L,,true,false,0,,,
c4f6db15e4379422fb739a16,Saraparilla Root,DRY,,MASS,g,kg,each,1 each = 1 each → 1 each = 114 g,114,PACK,17.99,,,157.80701754385964,kg,,true,false,0,,,DUPLICATE_CHAIN_UNITS
c8f1c080c26ed45a3bfb09b0,Sesame Oil,DRY,Sysco,VOLUME,ml,case,case,1 case = 4 each → 1 each = 1180 ml,4720,PACK,114.26,,,24.20762711864407,L,,true,false,0,,,
c9a5420c9ee1d4d0299192fa,Sesame Seeds,DRY,,MASS,g,kg,each,1 each = 1 each → 1 each = 5000 g,5000,PACK,26.25,,,5.25,kg,,true,false,2,Snow Cap,,DUPLICATE_CHAIN_UNITS
c6c79704e4a74479db3a0749,Star anise,DRY,,MASS,g,kg,each,1 each = 1 each → 1 each = 2250 g,2250,PACK,25.92,,,11.520000000000001,kg,,true,false,1,Sysco,,DUPLICATE_CHAIN_UNITS
c6cc117d4eaab455fb50559f,Sugar Brown,DRY,Sysco,MASS,g,case,case,1 case = 20000 g,20000,PACK,44.57,,,2.2285,kg,,true,false,1,Snow Cap,,
c959b4c828ce74e8794460be,Sugar icing,DRY,Sysco,MASS,g,kg,case,1 case = 24 each → 1 each = 1000 g,24000,PACK,5.25,,,0.21875,kg,,true,false,1,Sysco,,
c280686c1c2654bc29fb7038,Sugar white granulated,DRY,,MASS,g,case,case,1 case = 1 each → 1 each = 20000 g,20000,PACK,33.95,,,1.6975000000000002,kg,,true,false,1,Snow Cap,,
c5009c93797c9422c8f2b0bb,sumac,DRY,,MASS,g,kg,each,1 each = 1 each → 1 each = 150 g,150,PACK,4.99,,,33.266666666666666,kg,,true,false,0,,,DUPLICATE_CHAIN_UNITS
c30897d848fbd4ef09e9f59b,Sun Dried Tomatoes,DRY,,MASS,g,kg,case,1 case = 1 each → 1 each = 2270 g,2270,PACK,64.12,,,28.246696035242294,kg,,true,false,1,Sysco,,
ce268bb64017547019f5abff,Sunflower Seeds,DRY,,MASS,g,kg,each,1 each = 1 each → 1 each = 5000 g,5000,PACK,22.44,,,4.488,kg,,true,false,1,Snow Cap,,DUPLICATE_CHAIN_UNITS
c0bf8f34d0f5f4b78ab7faaf,Sushi Rice,DRY,Sysco,MASS,g,kg,each,1 each = 1 each → 1 each = 18143.68 g,18143.68,PACK,72.16,,,3.9771424540115343,kg,,true,false,1,Sysco,,DUPLICATE_CHAIN_UNITS
c36222983c2cf444caade922,Tabasco,DRY,Sysco,VOLUME,ml,each,case,1 case = 12 each → 1 each = 350 ml,4200,PACK,152,,,36.19047619047619,L,,true,false,0,,,
c048754435fd844a9a875e0b,Tahini,DRY,Sysco,MASS,g,case,case,1 case = 2 each → 1 each = 5000 g,10000,PACK,151.5,,,15.15,kg,,true,false,0,,,
c06d7b5a6ade54e299898072,Tamari Soy Sauce,DRY,Sysco,VOLUME,ml,each,case,1 case = 6 each → 1 each = 1890 ml,11340,PACK,27.46,,,2.421516754850088,L,,true,false,1,Sysco,,
c89f9c4f799fa4f98874cef0,tapioca starch,DRY,,MASS,g,kg,each,1 each = 1 each → 1 each = 5000 g,5000,PACK,18.79,,,3.7579999999999996,kg,,true,false,1,Snow Cap,,DUPLICATE_CHAIN_UNITS
cmqsz60de0001og03ukevxoba,TOFU EXTRA FIRM ORGANIC,DRY,Sysco,MASS,g,each,case,1 case = 12 each → 1 each = 350 g,4200,PACK,97.94,,,23.319047619047616,kg,,true,false,1,Sysco,,
ce30bf5dd0a504d5f8e603a4,Tomato Crushed San Benito,DRY,,MASS,g,cs,cs,1 cs = 6 oz → 1 oz = 2834.95 g,17009.699999999997,PACK,56.13,,,3.299881832131079,kg,,true,false,1,Snow Cap,,"UNIT_LABEL_CONTRADICTION(chain says 1 oz = 2834.95 g, but 1 oz is 28.3495 g)"
c650a5a16d10f487283d9a1e,Tomato Paste,DRY,Sysco,VOLUME,ml,each,case,1 case = 6 each → 1 each = 2840 ml,17040,PACK,93.38,,,5.480046948356807,L,,true,false,1,Snow Cap,,
c5e9f3d965169498db70fc5b,Tomato Whole Peeled,DRY,,VOLUME,ml,ml,case,1 case = 6 each → 1 each = 2834.95 ml,17009.699999999997,PACK,65.49,,,3.8501560874089495,L,,true,false,1,Snow Cap,,
c0844868fc1b646d29415908,tonka beans,DRY,,MASS,g,kg,each,1 each = 1 each → 1 each = 185 g,185,PACK,65.52,,,354.16216216216213,kg,,true,false,0,,,DUPLICATE_CHAIN_UNITS
c95bcb8693cbf40f5b84769b,transglutaminase,DRY,,MASS,g,kg,each,1 each = 1 each → 1 each = 1000 g,1000,PACK,189.47,,,189.47,kg,,true,false,0,,,DUPLICATE_CHAIN_UNITS
cmqvmszeg000tpsi4o0fh2ewi,TRSM Sour Tuscan Salami,DRY,Two Rivers,COUNT,each,each,lb,1 lb = 1 each,1,RATE,,22.08,each,22.08,each,,true,false,0,,,COUNT_NO_EACH_MEASURE
cmqvmt26o000vpsi4f7bucdjv,"TRSM Spicy Pork Pepperoni, Cold Smoked",DRY,Two Rivers,MASS,g,lb,each,1 each = 453.592 g,453.592,RATE,,0,g,0,kg,,true,false,0,,,ZERO_PRICE
ca236df05538a4d479c569a3,Truffle Paste,DRY,,MASS,g,kg,each,1 each = 1 each → 1 each = 500 g,500,PACK,190.96,,,381.92,kg,,true,false,0,,,DUPLICATE_CHAIN_UNITS
c983ada42f6024447a3dad60,Turmeric,DRY,,MASS,g,kg,jug,1 jug = 1000 g,1000,PACK,15.3,,,15.3,kg,,true,false,0,,,
ca408f46a86b1480aa132b9b,Vanilla Bean,DRY,,MASS,g,g,case,1 case = 1 each → 1 each = 225 g,225,PACK,134.92,,,599.6444444444444,kg,,true,false,1,Snow Cap,,
c785656edd6d64186bafd56a,Vanilla extract,DRY,Sysco,VOLUME,ml,l,jug,1 jug = 4 each → 1 each = 4000 ml,16000,PACK,136.88,,,8.555,L,,true,false,1,Snow Cap,,
cf644f72a64424d5984df632,Vinegar apple cider,DRY,Sysco,VOLUME,ml,case,case,1 case = 6 each → 1 each = 4000 ml,24000,PACK,55.26,,,2.3024999999999998,L,,true,false,1,Sysco,,
cd1d6f3f321414c979bbf728,Vinegar pure white,DRY,Sysco,VOLUME,ml,ml,case,1 case = 4 each → 1 each = 5000 ml,20000,PACK,33.48,,,1.674,L,,true,false,1,Sysco,,
c25d4c95f893948fa9f9412a,Vinegar Red Wine,DRY,Sysco,VOLUME,ml,each,case,1 case = 2 each → 1 each = 5000 ml,10000,PACK,17.02,,,1.702,L,,true,false,1,Sysco,,
c539d32c703ab4acd909ec5a,Vinegar White Wine,DRY,Sysco,VOLUME,ml,ml,case,1 case = 2 each → 1 each = 5000 ml,10000,PACK,33.82,,,3.382,L,,true,false,1,Sysco,,
c09a555449f3b4aa388672f2,Walnuts,DRY,,MASS,g,kg,each,1 each = 1 each → 1 each = 5000 g,5000,PACK,74.56,,,14.911999999999999,kg,,true,false,0,,,DUPLICATE_CHAIN_UNITS
cba7ab9431b2142e3899bff5,Water,DRY,,VOLUME,ml,ml,each,1 each = 1 ml,1,PACK,0,,,0,L,,false,false,0,,,ZERO_PRICE; FLAT_CHAIN_PER_1
cmnmloj1m001hhgf043ilmblq,White Wine Cooking,DRY,Sysco,VOLUME,ml,l,case,1 case = 4 each → 1 each = 3780 ml,15120,PACK,93.16,,,6.161375661375661,L,,true,false,0,,,
cf03be3861a4144eab909720,Whole Cloves,DRY,,MASS,g,each,each,1 each = 1 each → 1 each = 375 g,375,PACK,46.66,,,124.42666666666666,kg,,true,false,0,,,DUPLICATE_CHAIN_UNITS
cmpgdl4eg0002xuwk8ce5b4ny,Whole Wheat Flour,DRY,Snow Cap,MASS,g,case,case,1 case = 1 each → 1 each = 20000 g,20000,PACK,24.54,,,1.227,kg,,true,false,0,,,
c77b91600f5e94858b27e543,Wild rice,DRY,Sysco,MASS,g,each,case,1 case = 2 each → 1 each = 2270 g,4540,PACK,110.47,,,24.33259911894273,kg,,true,false,0,,,
c5e1ca5da8094449391fc05f,Wine Red Cooking,DRY,,VOLUME,ml,l,each,1 each = 1 each → 1 each = 3780 ml,3780,PACK,26.13,,,6.912698412698412,L,,true,false,0,,,DUPLICATE_CHAIN_UNITS
c70c94e9f82f34d1aa4f6d18,Worcestershire Sauce,DRY,Sysco,VOLUME,ml,each,case,1 case = 2 each → 1 each = 3780 ml,7560,PACK,31.73,,,4.197089947089948,L,,true,false,1,Sysco,,
cmpgdmbn90004xuwkqv3zwx9k,Yeast Active Dry,DRY,Snow Cap,MASS,g,case,case,1 case = 1 each → 1 each = 907.184 g,907.184,PACK,15.09,,,16.633891250286602,kg,,true,false,1,Sysco,,
c7c06555e66224c6fb2efb96,Yuzu juice,DRY,,VOLUME,ml,ml,each,1 each = 1 each → 1 each = 1 ml,1,PACK,0,,,0,L,,true,false,0,,,ZERO_PRICE
c64804606c71e46ebb2914b7,Albacore tuna,FISH,Intercity,MASS,g,lb,case,1 case = 4535.92 g,4535.92,RATE,,19.9,lb,43.87202596165717,kg,,true,false,1,Intercity,,
c7a0f761ab2944d6a960958a,Cod,FISH,,MASS,g,kg,each,1 each = 1 each → 1 each = 1000 g,1000,RATE,,13.9,lb,30.64427944055451,kg,,true,false,1,Intercity,,DUPLICATE_CHAIN_UNITS
cmqkabg670001yke4w4lx4noj,OYSTER N/SHELL ROYAL MIYAGI XSM,FISH,Intercity,COUNT,each,each,DZ,1 DZ = 1 each → 1 each = 12 each,12,PACK,9.85,,,0.8208333333333333,each,,true,false,1,Intercity,,COUNT_UNIT_COLLISION(counting in 'each' resolves to 12 each); COUNT_NO_EACH_MEASURE
cmq7bu7y20001lzoyy0ru2oq3,Oysters Kusshi,FISH,Intercity,COUNT,each,case,case,1 case = 5 each → 1 each = 12 each,60,PACK,11.89,,,0.19816666666666669,each,,true,false,1,Intercity,,COUNT_NO_EACH_MEASURE
cmnmloj0s000rhgf02kwexkkc,Pacific Halibut,FISH,Two Rivers,MASS,g,kg,each,1 each = 1000 g,1000,PACK,38,,,38,kg,,true,false,0,,2026-04-01,
cmqvmndg50001psi43euq46ue,SABLEFISH FLT B/I LG 2/2.8 LB PREM VR LONGLINES (NOT SPECIFIED),FISH,Intercity,MASS,g,lb,lb,1 lb = 4535.92 g,4535.92,RATE,,24.9,lb,54.89514806257606,kg,,true,false,0,,,"UNIT_LABEL_CONTRADICTION(chain says 1 lb = 4535.92 g, but 1 lb is 453.592 g)"
c95967e189ee049be9111508,Salmon,FISH,Intercity,MASS,g,lb,case,1 case = 4535.92 g,4535.92,RATE,,19.9,lb,43.87202596165717,kg,,true,false,1,Intercity,,
c3f46aed0708e462281b753b,Scallops,FISH,,MASS,g,kg,each,1 each = 1 each → 1 each = 1000 g,1000,PACK,110,,,110,kg,,true,false,0,,,DUPLICATE_CHAIN_UNITS
c05bbf9759c7b492fb12f1f7,Trout,FISH,,MASS,g,kg,each,1 each = 1 each → 1 each = 1000 g,1000,PACK,28,,,28,kg,,true,false,0,,,DUPLICATE_CHAIN_UNITS
cmq8sgwl30001b1ht1idlu6sn,BLUEBERRY CULTIVATED IQF CAN,FROZEN,Sysco,MASS,g,g,case,1 case = 1 each → 1 each = 2500 g,2500,PACK,74.43,,,29.772000000000002,kg,,true,false,2,Sysco,,
cmq8rzl4q000111ayt6mwntge,CORN COB CDN FROZEN,FROZEN,Sysco,COUNT,each,each,case,1 case = 48 each → 1 each = 1 each,48,PACK,75.42,,,1.57125,each,,true,false,1,Sysco,,COUNT_NO_EACH_MEASURE
cmq8rqezt000p3d2pebk7h433,FROZEN STRAWBERRY IQF CAN A,FROZEN,Sysco,MASS,g,each,case,1 case = 6 each → 1 each = 2000 g,12000,PACK,91.86,,,7.655,kg,,true,false,1,Sysco,,
cmq8qgeng000113zgfsterkmt,STRAWBERRY FREEZE DRIED DICED,FROZEN,Snow Cap,MASS,g,case,case,1 case = 1 each → 1 each = 272 g,272,PACK,22,,,80.88235294117648,kg,,true,false,1,Snow Cap,,
cmq7bkys00001soacxq111i6a,Airline Chicken Breast,MEAT,Legends Haul,MASS,g,kg,case,1 case = 30 g,30,RATE,,20.99,kg,20.99,kg,,true,false,1,Legends Haul,,
cmphb5yon0003lv2z0lo28nox,Bacon Ends Mixed Smoked 10kg/case LEGENDS,MEAT,Legends Haul,MASS,g,case,case,1 case = 10000 g,10000,RATE,,7,kg,7,kg,,true,false,1,Legends Haul,,
cmnmloj0u000thgf01tphsbgh,Beef Chuck Flat,MEAT,Legends Haul,MASS,g,kg,case,1 case = 1000 g,1000,RATE,,27,kg,27,kg,,true,false,1,Legends Haul,,
cmpfxn3pd0001crst33vl7lkl,Beef Digital AA FZ 1kg pkgs — JBS/CARGIL,MEAT,Legends Haul,MASS,g,kg,case,1 case = 1000 g,1000,RATE,,22.9,kg,22.9,kg,,true,false,1,Legends Haul,,
cmqbngf5w0002p550de0q16ro,Beef Fat Trim,MEAT,Legends Haul,COUNT,each,case,case,1 case = 1 each → 1 each = 1 each,1,PACK,0,,,0,each,,true,false,0,,,ZERO_PRICE; COUNT_NO_EACH_MEASURE
cbd3ca0e275054e68b8fc3a5,bison burger,MEAT,,MASS,g,kg,each,1 each = 1 each → 1 each = 1000 g,1000,RATE,,25,kg,25,kg,,true,false,2,Two Rivers,,DUPLICATE_CHAIN_UNITS
c2da5d7498b084b9fa522766,bison herb salami,MEAT,,MASS,g,kg,each,1 each = 1 each → 1 each = 100 g,100,RATE,,32.07,lb,70.70230515529374,kg,,true,false,1,Two Rivers,,DUPLICATE_CHAIN_UNITS
c27c4b11ec1d24b68854fe57,Bresaola,MEAT,Two Rivers,MASS,g,kg,case,1 case = 1 each → 1 each = 100 g,100,PACK,10.99,,,109.89999999999999,kg,,true,false,0,,,
c90ce7fb4dc4d4e0b986f788,Brisket AAA,MEAT,Legends Haul,MASS,g,kg,case,1 case = 28000 g,28000,RATE,,19.7,kg,19.7,kg,,true,false,1,Legends Haul,,
c5b7d8bf5f1c84065b0650d3,Chicken Schnitzel,MEAT,,MASS,g,kg,case,1 case = 1 each → 1 each = 4000 g,4000,PACK,60.67,,,15.1675,kg,,true,false,0,,,
c2c657c34f0544fa893a9eb0,Chorizo,MEAT,,MASS,g,kg,case,1 case = 1 each → 1 each = 1000 g,1000,PACK,20,,,20,kg,,true,false,0,,,
cmqd0u5pq0011d3klr0jw3ty9,Chx Bone Mixed IH 10 kg avg LEGENDS,MEAT,Legends Haul,MASS,g,case,case,1 case = 10000 g,10000,RATE,,4.29,kg,4.29,kg,,true,false,0,,,
cmrs9j7dv0001j39fjxtp8klh,"Chx Thigh BL SL Fresh 3x3.75kg avg — LEGENDS (case weights: 8.300, 9.860 KG)",MEAT,Legends Haul,MASS,g,kg,case,1 case = 11250 g,11250,RATE,,16.3,kg,16.3,kg,,true,false,1,Legends Haul,,
ce41a4f2a08504c6280c65aa,Coppa,MEAT,,MASS,g,kg,each,1 each = 1 each → 1 each = 100 g,100,PACK,6.49,,,64.9,kg,,true,false,0,,,DUPLICATE_CHAIN_UNITS
cmnmloj0x000vhgf0wnavrtbu,Duck Breast,MEAT,Intercity,MASS,g,kg,each,1 each = 1000 g,1000,PACK,28,,,28,kg,,true,false,0,,,
c0c7b500de0934a05a048ea8,duck fat,MEAT,,COUNT,each,each,each,1 each = 1 each → 1 each = 1 each,1,PACK,0,,,0,each,,true,false,0,,,ZERO_PRICE; COUNT_NO_EACH_MEASURE
c346d904f98ec4514aae7396,Duck prosciutto,MEAT,,MASS,g,kg,each,1 each = 1 each → 1 each = 100 g,100,RATE,,54.18,lb,119.44655108555708,kg,,true,false,1,Two Rivers,,DUPLICATE_CHAIN_UNITS
cmq8rf68c00013d2p07gtwz5v,Flat Iron Peeled 1-2lb Filet LEGENDS,MEAT,Legends Haul,MASS,g,kg,each,1 each = 1000 g,1000,RATE,,39.9,kg,39.9,kg,,true,false,1,Legends Haul,,
cmscgo49e0001fe41timn855l,Ground Beef LH Fresh 3x2.5kg AVG LEGENDS,MEAT,Legends Haul,MASS,g,kg,case,1 case = 7500 g,7500,RATE,,16.5,kg,16.5,kg,,true,false,0,,,
c4005fb9f5e3f4abe829e6e3,Ground Pork,MEAT,Legends Haul,MASS,g,kg,case,1 case = 7500 g,7500,RATE,,13.65,kg,13.65,kg,,true,false,1,Legends Haul,,
c283bf10cd0824590a8964b3,Ground Venison,MEAT,,MASS,g,kg,each,1 each = 1 each → 1 each = 1000 g,1000,PACK,79.32,,,79.32,kg,,true,false,0,,,DUPLICATE_CHAIN_UNITS
cmq8nozy9000hmncoydet5a3c,HAM BNLS BSTN SAVOURY (Boston Ham),MEAT,Sysco,MASS,g,case,case,1 case = 1700 g,1700,RATE,,19.21,KG,19.21,kg,,true,false,1,Sysco,,
c3407e4a3f7164a50963d0c4,Ham Rosemary,MEAT,,MASS,g,kg,each,1 each = 1 each → 1 each = 100 g,100,PACK,3.39,,,33.9,kg,,true,false,0,,,DUPLICATE_CHAIN_UNITS
c01ec1d1c07fa4faa9681ede,Nduja,MEAT,,MASS,g,kg,each,1 each = 1 each → 1 each = 450 g,450,RATE,,21.41,lb,47.201008836134676,kg,,true,false,1,Two Rivers,,DUPLICATE_CHAIN_UNITS
ce92005751788448a83de619,Pigs Blood,MEAT,,MASS,g,lb,lb,1 lb = 2267.96 g,2267.96,RATE,,2.86,lb,6.305225841725603,kg,,true,false,2,Two Rivers,,"UNIT_LABEL_CONTRADICTION(chain says 1 lb = 2267.96 g, but 1 lb is 453.592 g)"
ca035ee4aefe7457aa3479aa,Pork Back Ribs,MEAT,Sysco,MASS,g,kg,case,1 case = 1 each → 1 each = 4540 g,4540,RATE,,15.9,kg,15.9,kg,,true,false,1,Legends Haul,,
c9a34699da84e40b2ba96236,pork belly,MEAT,Legends Haul,MASS,g,kg,case,1 case = 1000 g,1000,RATE,,12.53,kg,12.53,kg,,true,false,2,Intercity,,
c0b05891f239b422b9dceb90,Pork Butt,MEAT,,MASS,g,kg,case,1 case = 6 g,6,RATE,,9.99,kg,9.99,kg,,true,false,1,Legends Haul,,
cmrs9k10p000jj39fhdihdo0r,Pork Cheeks Fzn 5kg/pkg JOHNSTONS,MEAT,Legends Haul,MASS,g,kg,box,1 box = 5000 g,5000,RATE,,9.92,kg,9.92,kg,,true,false,1,Legends Haul,,
cbebd6c983c32420186622b9,Pork Fat,MEAT,,MASS,g,kg,each,1 each = 1000 g,1000,RATE,,3.12,lb,6.878428190973386,kg,,true,false,1,Two Rivers,,
c3982fd2be03644d299e81da,Pork Tenderloin,MEAT,Legends Haul,MASS,g,kg,case,1 case = 1000 g,1000,RATE,,9.777,kg,9.777,kg,,true,false,0,,,
cmqd0u4ni000zd3klxfmdoeim,Prosciutto di Parma 6 kg LEOCINI,MEAT,Legends Haul,MASS,g,each,each,1 each = 6000 g,6000,RATE,,44,kg,44,kg,,true,false,0,,,
cefa4f2f2c2a848b2be1dde5,Salami Genoa,MEAT,,MASS,g,kg,case,1 case = 1 each → 1 each = 100 g,100,RATE,,31.45,lb,69.3354380147798,kg,,true,false,1,Two Rivers,,
cdeb30430ca7e4443823e37b,Sausage Apple banger,MEAT,,MASS,g,kg,case,1 case = 453.592 g,453.592,RATE,,6.55,lb,14.440289952203743,kg,,true,false,0,,,
cmphb5wgz0001lv2zseteucnt,Sausage BaconPorkHerb RTL 8x4/cs LEGENDS,MEAT,Legends Haul,MASS,g,kg,case,1 case = 7000 g,7000,RATE,,15.95,kg,15.95,kg,,true,false,1,Legends Haul,,
ce6c2de4942a54e7abd2e892,Slab Bacon,MEAT,Legends Haul,MASS,g,kg,case,1 case = 4000 g,4000,RATE,,16.99,kg,16.99,kg,,true,false,1,Legends Haul,,
c9315393165714bc6b7fa299,Veal Bones,MEAT,Sysco,MASS,g,kg,each,1 each = 1 each → 1 each = 22679.6 g,22679.6,PACK,153.34,,,6.76114217181961,kg,,true,false,2,Sysco,,DUPLICATE_CHAIN_UNITS
cmpnm9puo0000tlpxscu92yzs,Adobo Pulled Pork,PREPD,,VOLUME,ml,batch,batch,1 batch = 6000 ml,6000,PACK,26.91253481575178,,,4.485422469291963,L,,true,true,0,,,
cmpvxqbi4000skapdc4kb9uzw,Bacon Jam,PREPD,,MASS,g,batch,batch,1 batch = 12910 g,12910,PACK,178.2520538171302,,,13.807285346020928,kg,,true,true,0,,,
cmpvxqa63000pkapdg5u8cxjm,BBQ Sauce,PREPD,,MASS,g,batch,batch,1 batch = 4000 g,4000,PACK,14.46427922068172,,,3.61606980517043,kg,,true,true,0,,,
cmpvxqml7001gkapdvxktac36,Bean Puree,PREPD,,MASS,g,batch,batch,1 batch = 11000 g,11000,PACK,51.63161509262606,,,4.693783190238733,kg,,true,true,0,,,
cmqbnfeww000014opjnhtinlb,Beef Tallow,PREPD,,MASS,g,batch,batch,1 batch = 1000 g,1000,PACK,0,,,0,kg,,true,true,0,,,ZERO_PRICE
cmqbndjoq0000p55087j485jg,Beef Tallow Aioli,PREPD,,MASS,g,batch,batch,1 batch = 1000 g,1000,PACK,4.211313809630288,,,4.211313809630288,kg,,true,true,0,,,
cmpvxqm5c001fkapd3vtjll59,Blood Pudding (Rice Version),PREPD,,MASS,g,batch,batch,1 batch = 4500 g,4500,PACK,21.62871160722019,,,4.806380357160042,kg,,true,true,0,,,
cmpvxqfo20011kapda3d6y6md,Brioche French Toast Slice,PREPD,,COUNT,each,batch,batch,1 batch = 57 each,57,PACK,85.3317340743811,,,1.4970479662172123,each,,true,true,0,,,"UNIT_LABEL_CONTRADICTION(chain says 1 batch = 57 each, but 1 batch is 1 each); COUNT_NO_EACH_MEASURE"
cmpvxqeqs000zkapdjn3hq73i,Burger Aioli,PREPD,,MASS,g,batch,batch,1 batch = 1300 g,1300,PACK,11.52537708737411,,,8.86567468259547,kg,,true,true,0,,,
cmpvxqn0v001hkapdm8k1tgrj,Buttermilk Biscuits,PREPD,,COUNT,each,batch,batch,1 batch = 55 each,55,PACK,25.96885398753559,,,0.4721609815915562,each,,true,true,0,,,"UNIT_LABEL_CONTRADICTION(chain says 1 batch = 55 each, but 1 batch is 1 each); COUNT_NO_EACH_MEASURE"
cmpk043nn0000c7c868q1ep7v,Butternut Vegan Yolk,PREPD,,MASS,g,batch,batch,1 batch = 1200 g,1200,PACK,4.90734543637302,,,4.08945453031085,kg,,true,true,0,,,
cmqai9oz60000wckpnjnbteby,Caesar Dressing,PREPD,,MASS,g,batch,batch,1 batch = 1000 g,1000,PACK,12.82473166496427,,,12.82473166496427,kg,,true,true,0,,,
cmrl46jmf0000xzkc3d7sgi14,Caper and Dill Creme Fraiche,PREPD,,MASS,g,batch,batch,1 batch = 4200 g,4200,PACK,34.73900550738583,,,8.271191787472818,kg,,true,true,0,,,
cmpvxqg500012kapd1nbhdze2,Charred Pesto,PREPD,,MASS,g,batch,batch,1 batch = 2500 g,2500,PACK,66.60662038576902,,,26.642648154307608,kg,,true,true,0,,,
cmq7pa69700006gaqlszweez0,Citrus and Dill Curing Mix,PREPD,,MASS,g,batch,batch,1 batch = 2000 g,2000,PACK,18.41124201796617,,,9.205621008983085,kg,,true,true,0,,,
cmqaioxc00000ocuei8rm09m0,Clarified Butter (Ghee),PREPD,,MASS,g,batch,batch,1 batch = 9071.84 g,9071.84,PACK,172.6347173568282,,,19.029735682819382,kg,,true,true,0,,,
cmpvxq9pk000okapdl97cq7st,Coffee and Orange Maple Syrup (infused),PREPD,,VOLUME,ml,batch,batch,1 batch = 4000 ml,4000,PACK,123.9612541062802,,,30.99031352657005,L,,true,true,0,,,
cmpvxqi0a0016kapdvf96t5ft,Coffee Rub Mix (Brisket),PREPD,,MASS,g,batch,batch,1 batch = 2300 g,2300,PACK,18.72575958285987,,,8.141634601243421,kg,,true,true,0,,,
cmq9w2125000012tyxzzfwubt,Cole Slaw Mix,PREPD,,MASS,g,batch,batch,1 batch = 1500 g,1500,PACK,13.6334558237043,,,9.0889705491362,kg,,true,true,0,,,
cmqrkoeoe0001v9dgjzk6pged,Corn Salsa,PREPD,,MASS,g,batch,batch,1 batch = 2000 g,2000,PACK,27.78416314594828,,,13.89208157297414,kg,,true,true,0,,,
cmpvxqig50017kapd4dxzsffm,Crispy Onions (GF),PREPD,,MASS,g,batch,batch,1 batch = 1000 g,1000,PACK,5.719281451171978,,,5.719281451171978,kg,,true,true,0,,,
cmqmvrrdo000011am9on1js3g,Croutons,PREPD,,MASS,g,batch,batch,1 batch = 1000 g,1000,PACK,12.03051984913184,,,12.03051984913184,kg,,true,true,0,,,
cmq7p7zxp0001a8lhxopjljnm,Cured Salmon,PREPD,,MASS,g,batch,batch,1 batch = 2267.96 g,2267.96,PACK,201.7603512801294,,,88.96115949140611,kg,,true,true,0,,,
cmpvxqbyz000tkapder52g9so,Dukkah,PREPD,,MASS,g,batch,batch,1 batch = 1300 g,1300,PACK,8.366506780804183,,,6.435774446772449,kg,,true,true,0,,,
cmpgdfoks0000xuwkl8rsn39q,English Muffins (Sourdough Whole Wheat),PREPD,,COUNT,each,batch,batch,1 batch = 72 each,72,PACK,26.89658826425543,,,0.3735637258924365,each,,true,true,0,,,"UNIT_LABEL_CONTRADICTION(chain says 1 batch = 72 each, but 1 batch is 1 each); COUNT_NO_EACH_MEASURE"
cmpvxqjew0019kapdnkuqzn5m,French Toast Mix (Custard),PREPD,,MASS,g,batch,batch,1 batch = 6000 g,6000,PACK,35.1817340743811,,,5.863622345730183,kg,,true,true,0,,,
cmqrkkmtm0000v9dg445ee2xt,Handcut Fries,PREPD,,MASS,g,batch,batch,1 batch = 1000 g,1000,PACK,1.854530062258593,,,1.854530062258593,kg,,true,true,0,,,
cmq7oy80w0000a8lhlcl64ujg,Hash,PREPD,,MASS,g,batch,batch,1 batch = 35000 g,35000,PACK,86.66247951332345,,,2.476070843237813,kg,,true,true,0,,,
cmpvxq99s000nkapd221y8q3k,Hollandaise,PREPD,,MASS,g,batch,batch,1 batch = 2500 g,2500,PACK,44.36654316296363,,,17.746617265185453,kg,,true,true,0,,,
cmrzdss8p0000f44eoqnkgda4,"Hot Sauce ""Verde Brasa""",PREPD,,MASS,g,batch,batch,1 batch = 1000 g,1000,PACK,10.84976276099604,,,10.84976276099604,kg,,true,true,0,,,
cmpvxqdte000xkapdr0rwqrph,Hot Sauce (Mexican Style),PREPD,,VOLUME,ml,batch,batch,1 batch = 2500 ml,2500,PACK,10.30185162203659,,,4.120740648814636,L,,true,true,0,,,
cmpvxqdcv000wkapdsbx76uli,House Salad Dressing (Apple & Maple Vinaigrette),PREPD,,VOLUME,ml,batch,batch,1 batch = 5500 ml,5500,PACK,29.17952787773851,,,5.305368705043366,L,,true,true,0,,,
cmpvxqeao000ykapdawp3bs1k,House Spice Mix,PREPD,,MASS,g,batch,batch,1 batch = 11600 g,11600,PACK,155.5430713238413,,,13.408885458951838,kg,,true,true,0,,,
cmsaguuu30000tgbm49dfakhr,Matcha Tuille,PREPD,,MASS,g,batch,batch,1 batch = 380 g,380,PACK,2.07266367565414,,,5.454378093826684,kg,,true,true,0,,,
cmqrl4b9w0000oncspojwlo8w,Mint Zhoug,PREPD,,MASS,g,batch,batch,1 batch = 1600 g,1600,PACK,40.14187905126848,,,25.088674407042802,kg,,true,true,0,,,
cmpvxqloi001ekapde3u9jbkv,Mushroom Ragout,PREPD,,MASS,g,batch,batch,1 batch = 5000 g,5000,PACK,111.0139808647248,,,22.20279617294496,kg,,true,true,0,,,
cmqtlfgxj00005yljbnsz4con,Pickle Apples,PREPD,,MASS,g,batch,batch,1 batch = 2200 g,2200,PACK,18.28271678843171,,,8.310325812923505,kg,,true,true,0,,,
cmpvxqksb001ckapd9sbuc2rj,Pickle Jalapenos,PREPD,,MASS,g,batch,batch,1 batch = 6000 g,6000,PACK,4.660317504813906,,,0.776719584135651,kg,,true,true,0,,,
cmpvxqcgm000ukapddo3qdk3r,Pickle Red Onions,PREPD,,MASS,g,batch,batch,1 batch = 25000 g,25000,PACK,107.3896498280082,,,4.295585993120328,kg,,true,true,0,,,
cmpvxqjvd001akapdjokiqnb8,Pickled Cucumber B&B,PREPD,,MASS,g,batch,batch,1 batch = 4000 g,4000,PACK,61.56962317828735,,,15.392405794571838,kg,,true,true,0,,,
cmpvxq8b5000lkapd499mlcwe,"Pork, Fennel & Chilli Sausage",PREPD,,MASS,g,batch,batch,1 batch = 10000 g,10000,PACK,144.6116933631053,,,14.461169336310531,kg,,true,true,0,,,
cmpvxqkc1001bkapdqpnqlkuq,Roasted Pepper Relish,PREPD,,MASS,g,batch,batch,1 batch = 2500 g,2500,PACK,3.546663060371435,,,1.418665224148574,kg,,true,true,0,,,
cmpvxqalv000qkapd1pimhv9m,Scones,PREPD,,COUNT,each,batch,batch,1 batch = 25 each,25,PACK,10.47684467694567,,,0.4190737870778268,each,,true,true,0,,,"UNIT_LABEL_CONTRADICTION(chain says 1 batch = 25 each, but 1 batch is 1 each); COUNT_NO_EACH_MEASURE"
cmpvxq7t3000kkapdft3acmo9,Shakshuka Sauce (SHAQ),PREPD,,MASS,g,batch,batch,1 batch = 25000 g,25000,PACK,214.1428842629541,,,8.565715370518165,kg,,true,true,0,,,
cmqaiaynx0000r1umjr346y18,Smashed Avocado,PREPD,,MASS,g,batch,batch,1 batch = 2500 g,2500,PACK,16.44962147368574,,,6.579848589474295,kg,,true,true,0,,,
cmpj6hpak0000po3x2cs0b8oo,Smoked Brisket,PREPD,,MASS,g,batch,batch,1 batch = 9000 g,9000,PACK,299.5708173006217,,,33.28564636673574,kg,,true,true,0,,,
cmpvxqcx3000vkapd41c4bnk5,Smoked Goat Cheese Cream,PREPD,,MASS,g,batch,batch,1 batch = 6776 g,6776,PACK,104.712949362678,,,15.453504923653778,kg,,true,true,0,,,
cmpvxqglo0013kapdh6bcytk9,Smoked Miso Honey Butter,PREPD,,MASS,g,batch,batch,1 batch = 2500 g,2500,PACK,34.17431271659324,,,13.669725086637296,kg,,true,true,0,,,
cmpvxqb2f000rkapdj9egzg06,Smoked Pulled Pork,PREPD,,MASS,g,batch,batch,1 batch = 9000 g,9000,PACK,178.9972079093191,,,19.88857865659101,kg,,true,true,0,,,
cmpvxq8sd000mkapdqmpi5nbo,Sourdough Bread,PREPD,,COUNT,each,batch,batch,1 batch = 72 each,72,PACK,15.43752716670963,,,0.21441009953763376,each,,true,true,0,,,"UNIT_LABEL_CONTRADICTION(chain says 1 batch = 72 each, but 1 batch is 1 each); COUNT_NO_EACH_MEASURE"
cmpvxqf6q0010kapds9yfvhxa,Sourdough Starter (Gary),PREPD,,MASS,g,batch,batch,1 batch = 2000 g,2000,PACK,5.5039580078125,,,2.75197900390625,kg,,true,true,0,,,
cmpj765y3000011hlh9qlrtcs,Strawberries and Rhubarb Compote,PREPD,,MASS,g,batch,batch,1 batch = 14000 g,14000,PACK,145.9837676831637,,,10.427411977368836,kg,,true,true,0,,,
cmpvxql87001dkapdqt5orzc0,Sun Dried Tomato Aioli (Pesto Rosso),PREPD,,MASS,g,batch,batch,1 batch = 1400 g,1400,PACK,18.01957918135104,,,12.871127986679314,kg,,true,true,0,,,
cmpvxqhim0015kapd8sn1qwn7,Tonka Snow,PREPD,,MASS,g,batch,batch,1 batch = 1000 g,1000,PACK,3.981566666666667,,,3.981566666666667,kg,,true,true,0,,,
cmpvxqh1g0014kapdxgiqtinb,Vanilla Creme Patissiere (Pastry Cream),PREPD,,MASS,g,batch,batch,1 batch = 1800 g,1800,PACK,22.71575657926124,,,12.619864766256244,kg,,true,true,0,,,
cmrc9kk1p0000ukyhjsu69qi7,Vegan Parm,PREPD,,MASS,g,batch,batch,1 batch = 200 g,200,PACK,8.521860907756507,,,42.60930453878253,kg,,true,true,0,,,
cmpvxqiw00018kapdyvs3355s,Vinegar Reduction,PREPD,,VOLUME,ml,batch,batch,1 batch = 1250 ml,1250,PACK,33.45262260710066,,,26.762098085680528,L,,true,true,0,,,
cmrpwoyoc0000xvb0zk7wvr8s,White Chocolate Snow,PREPD,,MASS,g,batch,batch,1 batch = 400 g,400,PACK,14.43800232102859,,,36.09500580257147,kg,,true,true,0,,,
c23c86bfbe16942a58d80fc3,Apples,PROD,,COUNT,each,each,each,1 each = 1 each → 1 each = 12 each,12,PACK,22.73,,,1.8941666666666668,each,,true,false,0,,,COUNT_UNIT_COLLISION(counting in 'each' resolves to 12 each); DUPLICATE_CHAIN_UNITS; COUNT_NO_EACH_MEASURE
c2062309d1aef4213973847a,Arugula,PROD,Sysco,MASS,g,kg,case,1 case = 1 each → 1 each = 907.184 g,907.184,PACK,20.14,,,22.20056791125064,kg,,true,false,1,Sysco,,
cmqd0qh7s000nd3kl8og7l6r1,ASPARAGUS FRESH LARGE,PROD,Sysco,MASS,g,each,case,1 case = 1 each → 1 each = 4989.512 g,4989.512,PACK,83.99,,,16.833309550112315,kg,,true,false,0,,,
c8a5bb1aca1754d649a75233,Avocado,PROD,Sysco,COUNT,each,each,case,1 case = 1 each → 1 each = 70 each,70,PACK,65.96,,,0.9422857142857142,each,,true,false,1,Sysco,,COUNT_UNIT_COLLISION(counting in 'each' resolves to 70 each); COUNT_NO_EACH_MEASURE
cmq8n96xz0009n3kkh38kse8q,Baby Mixed Greens,PROD,Brew Creek Farm,MASS,g,box,box,1 box = 453.592 g,453.592,RATE,,15.95,lb,35.16375950193125,kg,,true,false,1,Brew Creek Farm,,
c80998f4b6a544556bee8c1f,Basil,PROD,Sysco,MASS,g,g,case,1 case = 453.592 g,453.592,PACK,23.27,,,51.3016102576765,kg,,true,false,2,Sysco,,
c05eba10d3a5948779398197,Beets,PROD,Sysco,MASS,g,kg,each,1 each = 1 each → 1 each = 4535.92 g,4535.92,PACK,40.38,,,8.902273408702094,kg,,true,false,0,,,DUPLICATE_CHAIN_UNITS
cmr5nbxup002bt9u7xt2u1jcx,Blueberries FARM,PROD,North Arm Farms,MASS,g,each,flat,1 flat = 1 each → 1 each = 4535.92 g,4535.92,PACK,39.9,,,8.796451436533271,kg,,true,false,1,North Arm Farms,,
cmq8np4rm000jmncoydovx5jp,BLUEBERRY FRESH,PROD,Sysco,MASS,g,case,case,1 case = 12 clamshell → 1 clamshell = 170.097 g,2041.1640000000002,PACK,66.59,,,32.62354225334172,kg,,true,false,1,Sysco,,
cmqd0qgr0000ld3klctxr3yp7,BROCCOLINI FRESH SWEET BABY,PROD,Sysco,MASS,g,each,case,1 case = 3 each → 1 each = 907.184 g,2721.5519999999997,PACK,45.96,,,16.887423058607737,kg,,true,false,1,Sysco,,
ca26221ebe80f4e4e90ed849,Brussel Sprouts,PROD,Sysco,MASS,g,kg,each,1 each = 1 each → 1 each = 11339.8 g,11339.8,PACK,60.24,,,5.312263002874831,kg,,true,false,0,,,DUPLICATE_CHAIN_UNITS
cmprb28d10003w1gff2ez3rvw,CABBAGE RED FDSVC,PROD,,COUNT,each,each,case,1 case = 1 each → 1 each = 3 each,3,PACK,38.09,,,12.696666666666667,each,1 each = 3 lb,true,false,1,Sysco,,COUNT_UNIT_COLLISION(counting in 'each' resolves to 3 each)
c133c86313a104db7bcb8b03,Carrots,PROD,Sysco,MASS,g,kg,each,1 each = 1 each → 1 each = 4535.92 g,4535.92,RATE,,3.34,lb,7.363445563413817,kg,,true,false,2,North Arm Farms,,DUPLICATE_CHAIN_UNITS
c228c1efff67145dca2936f4,Celery,PROD,Sysco,COUNT,each,each,case,1 case = 5 each → 1 each = 6 each,30,PACK,27.55,,,0.9183333333333333,each,,true,false,1,Sysco,,COUNT_UNIT_COLLISION(counting in 'each' resolves to 6 each); COUNT_NO_EACH_MEASURE
c0303b04d46834af48ee3fbf,Chilli Red Thai,PROD,Sysco,MASS,g,kg,case,1 case = 1 each → 1 each = 450 g,450,PACK,42.22,,,93.82222222222222,kg,,true,false,0,,,
c60497b6a46a4479bb1f0c80,Chives,PROD,Sysco,MASS,g,g,case,1 case = 453.592 g,453.592,PACK,33.15,,,73.08329952909222,kg,,true,false,2,Sysco,,
cmr5mub2q0007qp3lmzqsziqu,Chives FARM,PROD,Brew Creek Farm,MASS,g,each,each,1 each = 1 each → 1 each = 113.398 g,113.398,PACK,14,,,123.45896753029155,kg,,true,false,1,Brew Creek Farm,,DUPLICATE_CHAIN_UNITS
cf6784a8d636149a79225e58,Cilantro,PROD,Sysco,MASS,g,case,case,1 case = 4 each → 1 each = 453.592 g,1814.368,PACK,40.88,,,22.531261574278208,kg,,true,false,1,Sysco,,
cmr5nbyc6002dt9u7hum965y6,Cilantro FARM,PROD,,COUNT,each,each,bunch,1 bunch = 1 each → 1 each = 1 each,1,PACK,3.99,,,3.99,each,1 each = 80 g,true,false,1,North Arm Farms,,
c554c543e9dbf4b14a6ffcbc,Ciucumber Medium,PROD,,COUNT,each,case,each,1 each = 1 each → 1 each = 24 each,24,PACK,39.99,,,1.66625,each,,true,false,0,,,DUPLICATE_CHAIN_UNITS; COUNT_UNIT_ORPHAN(case); COUNT_NO_EACH_MEASURE
cmr5mua5c0003qp3lugzs5ol6,Cucumber Blossoms - NEW!!!,PROD,Brew Creek Farm,COUNT,each,each,dozen,1 dozen = 1 each → 1 each = 12 each,12,PACK,6,,,0.5,each,,true,false,0,,,COUNT_UNIT_COLLISION(counting in 'each' resolves to 12 each); COUNT_NO_EACH_MEASURE
cmprb2h2u000bw1gfnborryjv,CUCUMBER FRESH,PROD,Sysco,COUNT,each,each,case,1 case = 24 each → 1 each = 1 each,24,PACK,17.18,,,0.7158333333333333,each,,true,false,1,Sysco,,COUNT_NO_EACH_MEASURE
c9a24953627b446fbb652693,Cucumber Long,PROD,Sysco,COUNT,each,each,each,1 each = 1 each → 1 each = 6 each,6,PACK,22.46,,,3.7433333333333336,each,,true,false,1,Sysco,,COUNT_UNIT_COLLISION(counting in 'each' resolves to 6 each); DUPLICATE_CHAIN_UNITS; COUNT_NO_EACH_MEASURE
cmq8qbmpl0007byt8nm771omr,"Cucumbers, Lebanese O/S",PROD,North Arm Farms,MASS,g,lb,each,1 each = 453.592 g,453.592,RATE,,4.39,lb,9.678301204606782,kg,,true,false,2,North Arm Farms,,
c5c10003fd61b4bb5a711928,Dill,PROD,Sysco,MASS,g,box,box,1 box = 1 each → 1 each = 453.592 g,453.592,PACK,23.43,,,51.65435016490591,kg,,true,false,1,Sysco,,
cmqmtqs900003lsz2nv7gu0hg,Edible Begonia - Open Flowers,PROD,Brew Creek Farm,COUNT,each,each,pack,1 pack = 20 each,20,PACK,16,,,0.8,each,,true,false,0,,,COUNT_NO_EACH_MEASURE
cmq8n96ck0007n3kkh6n2ocz8,Edible Flower Mix,PROD,Brew Creek Farm,COUNT,each,pack,pack,1 pack = 1 each → 1 each = 50 each,50,PACK,26,,,0.52,each,,true,false,1,Brew Creek Farm,,COUNT_NO_EACH_MEASURE
c79811bfb1ddb4b35aff1cff,Eggplant,PROD,Sysco,COUNT,each,each,each,1 each = 1 each → 1 each = 24 each,24,PACK,70.3,,,2.9291666666666667,each,,true,false,1,Sysco,,COUNT_UNIT_COLLISION(counting in 'each' resolves to 24 each); DUPLICATE_CHAIN_UNITS; COUNT_NO_EACH_MEASURE
c810db4568c8446c7a24018a,Endive,PROD,Sysco,MASS,g,kg,each,1 each = 1 each → 1 each = 4535.92 g,4535.92,PACK,47.28,,,10.4234642586289,kg,,true,false,0,,,DUPLICATE_CHAIN_UNITS
ca1d72b76af7949d8b5e166d,Farm Squash Zuchinni,PROD,,COUNT,each,each,each,1 each = 1 each → 1 each = 1 each,1,PACK,0,,,0,each,,true,false,0,,,ZERO_PRICE; COUNT_NO_EACH_MEASURE
c375635f98ca34e61b74bb20,Fennel brew creek,PROD,,COUNT,each,each,each,1 each = 1 each → 1 each = 1 each,1,PACK,0,,,0,each,,true,false,0,,,ZERO_PRICE; COUNT_NO_EACH_MEASURE
cmq78d50c0001grtm3araah6g,Fingerling Potatoes,PROD,North Arm Farms,MASS,g,lb,bag,1 bag = 453.592 g,453.592,RATE,,6.45,kg,6.45,kg,,true,false,2,Sysco,,
cmnmloj150013hgf0b9ypogz1,Garlic,PROD,Sysco,MASS,g,kg,each,1 each = 1 each → 1 each = 2267.96 g,2267.96,PACK,26.9,,,11.860879380588722,kg,,true,false,1,Sysco,,DUPLICATE_CHAIN_UNITS
c0573a0e926b54480b2ab71e,ginger,PROD,,MASS,g,kg,each,1 each = 1 each → 1 each = 2267.96 g,2267.96,PACK,35.96,,,15.85565882996173,kg,,true,false,0,,,DUPLICATE_CHAIN_UNITS
cmq78go1j00014ohra86m7tnm,Golf Ball Onions,PROD,North Arm Farms,MASS,g,lb,bag,1 bag = 1 each → 1 each = 453.592 g,453.592,PACK,3.05,,,6.724104481560522,kg,,true,false,0,,,
cmq8nox8q000bmnco611j2ek6,GRAPE RED FRSH SEEDLS CLAM,PROD,Sysco,MASS,g,case,case,1 case = 1 each → 1 each = 1360.776 g,1360.776,PACK,18.65,,,13.705415145475815,kg,,true,false,1,Sysco,,
c7216d03fc20d403a8145429,grapefruit,PROD,,COUNT,each,each,each,1 each = 1 each → 1 each = 6 each,6,PACK,21.59,,,3.598333333333333,each,,true,false,1,Sysco,,COUNT_UNIT_COLLISION(counting in 'each' resolves to 6 each); DUPLICATE_CHAIN_UNITS; COUNT_NO_EACH_MEASURE
ca42d96c051e74f4ab38b92c,Grapes,PROD,Sysco,MASS,g,case,case,1 case = 6 each → 1 each = 1360.776 g,8164.656000000001,PACK,72.6,,,8.8919851614079,kg,,true,false,0,,,
cmqkai5q40005yke4n4oc5sa9,"Green Onions O/S — bunch, Rootdown Farm in Pemberton, BC (organic)",PROD,North Arm Farms,COUNT,each,each,bunch,1 bunch = 1 each → 1 each = 1 each,1,PACK,4.39,,,4.39,each,,true,false,1,North Arm Farms,,COUNT_NO_EACH_MEASURE
cmq78augb00017r8blf5ue25w,Heirloom Tomato,PROD,Sysco,MASS,g,lb,case,1 case = 1 each → 1 each = 4535.92 g,4535.92,PACK,67.77,,,14.940739695585458,kg,,true,false,2,Sysco,,
ccd1293a5dbe245edad211c2,Horseradish,PROD,North Arm Farms,MASS,g,kg,each,1 each = 453.592 g,453.592,RATE,,9.99,lb,22.024197957635938,kg,,true,false,1,North Arm Farms,,
cc9541fe75a434a93bc1f90f,Jalepenos,PROD,,MASS,g,kg,each,1 each = 1 each → 1 each = 4540 g,4540,PACK,45.52,,,10.026431718061675,kg,,true,false,0,,,DUPLICATE_CHAIN_UNITS
c6d2b86aeb85f439d85c518d,Kale,PROD,Sysco,COUNT,each,each,case,1 case = 1 each → 1 each = 24 each,24,PACK,57.01,,,2.3754166666666667,each,,true,false,1,Sysco,,COUNT_UNIT_COLLISION(counting in 'each' resolves to 24 each); COUNT_NO_EACH_MEASURE
cmq8rjsnn00073d2p65abfoe9,KALE BABY,PROD,Sysco,MASS,g,pack,case,1 case = 2 pack → 1 pack = 680.3879999999999 g,1360.7759999999998,PACK,33.58,,,24.67709600992375,kg,1 each = 680.388 g,true,false,1,Sysco,,
c22db7e6f57e14c4a9701a87,kennebec potato,PROD,Sysco,MASS,g,case,case,1 case = 1 each → 1 each = 22679.6 g,22679.6,PACK,35.05,,,1.5454417185488278,kg,,true,false,1,Sysco,,
cmscgqvbd000lfe41ptzh14mv,"Kohlrabi, Green",PROD,North Arm Farms,COUNT,each,each,lb,1 lb = 1 each,1,RATE,,3.99,each,3.99,each,,true,false,0,,,COUNT_NO_EACH_MEASURE
cc2ed8515fc294be7b2a9157,Leeks Fresh,PROD,Sysco,COUNT,each,each,each,1 each = 1 each → 1 each = 12 each,12,PACK,54.91,,,4.575833333333333,each,,true,false,0,,,COUNT_UNIT_COLLISION(counting in 'each' resolves to 12 each); DUPLICATE_CHAIN_UNITS; COUNT_NO_EACH_MEASURE
c4aa3faede1d74f20abe1d1f,Lemons,PROD,Sysco,COUNT,each,each,case,1 case = 1 each → 1 each = 140 each,140,PACK,66.84,,,0.4774285714285715,each,,true,false,1,Sysco,,COUNT_UNIT_COLLISION(counting in 'each' resolves to 140 each); COUNT_NO_EACH_MEASURE
cmrs9gakq000nqp6gwiw98hbp,Lettuce - Red Tango,PROD,Brew Creek Farm,MASS,g,lb,case,1 case = 453.592 g,453.592,RATE,,12.5,lb,27.557805252297218,kg,,true,false,1,Brew Creek Farm,,
cmqvpdobr000146plm3kjqz11,LETTUCE BOSTON /BUTTER FRESH,PROD,Sysco,COUNT,each,each,case,1 case = 24 each → 1 each = 1 each,24,PACK,57.84,,,2.41,each,,true,false,0,,,COUNT_NO_EACH_MEASURE
cmqvyejsk0001ahaq3pwhn2in,LETTUCE BOSTON /BUTTER FRESH,PROD,Sysco,COUNT,each,each,case,1 case = 24 each → 1 each = 1 each,24,PACK,57.84,,,2.41,each,,true,false,0,,,COUNT_NO_EACH_MEASURE
c06fdf5b142864abda44929c,Lettuce Burger,PROD,,COUNT,each,case,case,1 case = 24 each → 1 each = 1 each,24,PACK,46.4,,,1.9333333333333333,each,1 each = 1.43 kg,true,false,1,Sysco,,
cmq8zjdhk0001vlm6r99hy1fr,LETTUCE ROMAINE HEART OF FRSH,PROD,Sysco,COUNT,each,each,case,1 case = 4 pack → 1 pack = 12 each,48,PACK,79.99,,,1.6664583333333332,each,,true,false,1,Sysco,,COUNT_NO_EACH_MEASURE
cmq8zml6l0001niizasv72x15,LETTUCE ROMAINE HEART OF FRSH,PROD,Sysco,COUNT,each,each,case,1 case = 12 each → 1 each = 1 each,12,PACK,38.89,,,3.2408333333333332,each,,true,false,0,,,COUNT_NO_EACH_MEASURE
cmqt2mxxi0001ca2vr1c9fn30,LETTUCE ROMAINE TSCN BABY,PROD,Sysco,COUNT,each,each,case,1 case = 24 each → 1 each = 1 each,24,PACK,47.64,,,1.985,each,,true,false,1,Sysco,,COUNT_NO_EACH_MEASURE
ca3354004f6ba4d639836455,Lettuce Spring Mix,PROD,Sysco,MASS,g,each,each,1 each = 1 each → 1 each = 1360.776 g,1360.776,PACK,28.88,,,21.223184418302495,kg,,true,false,1,Sysco,,DUPLICATE_CHAIN_UNITS
cddddc59d060941d3a4a2a20,Limes,PROD,Sysco,MASS,g,each,each,1 each = 1 each → 1 each = 4535.92 g,4535.92,PACK,41.51,,,9.15139596818286,kg,,true,false,1,Sysco,,DUPLICATE_CHAIN_UNITS
cmq8np5cd000lmncoemram07y,MELON CANTALOUPE FRESH,PROD,Sysco,COUNT,each,each,case,1 case = 1 each → 1 each = 3 each,3,PACK,28.73,,,9.576666666666666,each,,true,false,1,Sysco,,COUNT_UNIT_COLLISION(counting in 'each' resolves to 3 each); COUNT_NO_EACH_MEASURE
cmq8noydx000fmncohrlubeiv,MELON WATERMELON SDLS FRESH,PROD,Sysco,COUNT,each,case,case,1 case = 1 each → 1 each = 1 each,1,PACK,27.52,,,27.52,each,,true,false,1,Sysco,,COUNT_NO_EACH_MEASURE
cmr5muam40005qp3ltfne2nif,Microgreens - Amaranth Red Garnet Living Tray,PROD,Brew Creek Farm,COUNT,each,each,tray,1 tray = 1 each → 1 each = 1 each,1,PACK,32,,,32,each,,true,false,1,Brew Creek Farm,,COUNT_NO_EACH_MEASURE
cmq8n97ix000bn3kklx175a9v,Microgreens - Arugula Precut,PROD,Brew Creek Farm,COUNT,each,pack,pack,1 pack = 1 each → 1 each = 1 each,1,PACK,24,,,24,each,,true,false,1,Brew Creek Farm,,COUNT_NO_EACH_MEASURE
cmqd29l5d0007sss9zyrdefiu,Microgreens - Cilantro Living Tray,PROD,Brew Creek Farm,COUNT,each,each,tray,1 tray = 1 each → 1 each = 1 each,1,PACK,24,,,24,each,,true,false,1,Brew Creek Farm,,COUNT_NO_EACH_MEASURE
cmrs9ga34000lqp6g3cibsdzs,Microgreens - Green Shiso Living Tray,PROD,Brew Creek Farm,COUNT,each,each,tray,1 tray = 1 each → 1 each = 1 each,1,PACK,32,,,32,each,,true,false,0,,,COUNT_NO_EACH_MEASURE
cmqmtqrrd0001lsz22eoe2mrc,Microgreens - Sunflower Precut,PROD,Brew Creek Farm,COUNT,each,each,clamshell,1 clamshell = 1 each → 1 each = 1 each,1,PACK,13,,,13,each,,true,false,0,,,COUNT_NO_EACH_MEASURE
c5c07be6faaa149bdac5a7b5,Mint,PROD,Sysco,MASS,g,case,case,1 case = 453.592 g,453.592,PACK,21.21,,,46.76008395209792,kg,,true,false,1,Sysco,,
cec74f731359245d1b7aa7c7,Mushroom  oyster,PROD,Sysco,MASS,g,case,case,1 case = 1 each → 1 each = 1360.776 g,1360.776,PACK,33.19,,,24.390494835299855,kg,,true,false,1,Sysco,,
cmqd2rveq0001m7snboec9e17,MUSHROOM BUTTON FRESH,PROD,Sysco,MASS,g,each,case,1 case = 1 each → 1 each = 4535.92 g,4535.92,PACK,42.72,,,9.418155523025096,kg,,true,false,1,Sysco,,
cmqd2rx0r0005m7sn48ce1a1d,MUSHROOM CRIMINI UNSIZD FRESH,PROD,Sysco,MASS,g,each,case,1 case = 1 each → 1 each = 1360.776 g,1360.776,PACK,28.93,,,21.259928158638896,kg,,true,false,1,Sysco,,
cmqd0qgad000jd3klgltvmnb5,MUSHROOM FRESH BRN SHIMEJI,PROD,Sysco,MASS,g,each,case,1 case = 6 each → 1 each = 113.398 g,680.3879999999999,PACK,31.58,,,46.4146927929358,kg,,true,false,1,Sysco,,
c68a1d1b2f6f04c1a875cff9,Mushroom Portobello,PROD,,MASS,g,case,case,1 case = 1 each → 1 each = 2267.96 g,2267.96,PACK,35.98,,,15.86447732764246,kg,,true,false,1,Sysco,,
caf581cd645b84c8789496e2,Mushroom shiitake,PROD,Sysco,MASS,g,case,case,1 case = 1 each → 1 each = 1360.776 g,1360.776,PACK,43.41,,,31.900915360059255,kg,,true,false,1,Sysco,,
cmq8qbm4k0005byt865q9qt9p,NAF Strawberries FRESH,PROD,North Arm Farms,MASS,g,g,case,1 case = 1 each → 1 each = 3628.736 g,3628.736,PACK,44.49,,,12.260467556747033,kg,,true,false,1,North Arm Farms,,
cmq8s3lua000t11ay14gehnls,ONION FRESH CIPPOLINI,PROD,Sysco,MASS,g,case,case,1 case = 1 each → 1 each = 4535.92 g,4535.92,PACK,76,,,16.75514559339671,kg,,true,false,1,Sysco,,
ccba1c5bc05fd4c70a489d02,Onion green,PROD,Sysco,MASS,g,case,case,1 case = 4 each → 1 each = 907.184 g,3628.736,PACK,39.99,,,11.020366320393657,kg,,true,false,0,,,
c94af9f0c6ca748d99572fb3,Onion Red,PROD,Sysco,MASS,g,case,case,1 case = 11339.8 g,11339.8,PACK,48.17,,,4.247870332810103,kg,,true,false,1,Sysco,,
cc0df3d54a80e4d55bcfdc36,Onions Yellow,PROD,Sysco,MASS,g,case,case,1 case = 22679.6 g,22679.6,PACK,51.69,,,2.279140725585989,kg,,true,false,1,Sysco,,
c3fc7da6b212a4c4186f3900,Oranges,PROD,,COUNT,each,box,box,1 box = 1 each → 1 each = 138 each,138,PACK,67.84,,,0.49159420289855077,each,,true,false,1,Sysco,,COUNT_NO_EACH_MEASURE
caa70cf46e7a943498915230,Parsley,PROD,Sysco,MASS,g,case,case,1 case = 453.592 g,453.592,PACK,19.21,,,42.35083511173037,kg,,true,false,1,Sysco,,
c2a7914029a644f10b6ab1fd,peaches,PROD,,MASS,g,kg,case,1 case = 9071.84 g,9071.84,PACK,0,,,0,kg,1 each = 150 g,true,false,1,North Arm Farms,,ZERO_PRICE
c5b0371b0c811444d84d0e94,Pears,PROD,Sysco,COUNT,each,case,each,1 each = 1 each → 1 each = 12 each,12,PACK,27.64,,,2.3033333333333332,each,,true,false,0,,,DUPLICATE_CHAIN_UNITS; COUNT_UNIT_ORPHAN(case); COUNT_NO_EACH_MEASURE
cmprb2djl0007w1gfkqbcdd5g,PEPPER JALAPENO FRESH,PROD,Sysco,MASS,g,case,case,1 case = 1 each → 1 each = 4535.92 g,4535.92,PACK,29.61,,,6.527892908164165,kg,,true,false,1,Sysco,,
cab130d3839db4777869a3d3,Pineapple,PROD,Sysco,COUNT,each,each,case,1 case = 3 each → 1 each = 1 each,3,PACK,40.89,,,13.63,each,,true,false,1,Sysco,,COUNT_NO_EACH_MEASURE
cmq8zmmkt0003niiz2ten1hcr,POTATO YELLOW YUKON GLD FRSH,PROD,Sysco,MASS,g,case,case,1 case = 1 each → 1 each = 22679.6 g,22679.6,PACK,45.6,,,2.0106174712076053,kg,,true,false,1,Sysco,,
cmrij48vi0001ari75j30pl1c,"Potatoes, Kennebec O/S",PROD,North Arm Farms,COUNT,each,each,lb,1 lb = 1 each,1,RATE,,1.99,each,1.99,each,,true,false,0,,,COUNT_NO_EACH_MEASURE
ca9abf1aa48174a0d9a75c3d,Radish,PROD,,MASS,g,kg,each,1 each = 1 each → 1 each = 453.592 g,453.592,RATE,,4.59,lb,10.119226088643538,kg,,true,false,1,North Arm Farms,,DUPLICATE_CHAIN_UNITS
cmr5nbza8002ht9u7qwv35zwf,"Raspberries, FARM",PROD,North Arm Farms,MASS,g,each,flat,1 flat = 1 each → 1 each = 2267.96 g,2267.96,PACK,45,,,19.841619781653996,kg,,true,false,0,,,
ce86ef1b8710e4b8da85eb21,Red Peppers,PROD,,COUNT,each,cs,cs,1 cs = 1 each,1,PACK,70.86,,,70.86,each,1 each = 11 lb,true,false,1,Sysco,,
cmq8qblj80003byt857h4r6te,Rhubarb Crimson,PROD,North Arm Farms,MASS,g,lb,each,1 each = 453.592 g,453.592,RATE,,3.69,lb,8.13506411047814,kg,,true,false,1,North Arm Farms,,
c292314754e744a23baaed57,rosemary,PROD,,MASS,g,case,case,1 case = 1 each → 1 each = 453.592 g,453.592,PACK,22.98,,,50.662269175823205,kg,,true,false,0,,,
c472934b41ad2495faa8afc6,Sage,PROD,Sysco,MASS,g,pack,pack,1 pack = 1 each → 1 each = 113.398 g,113.398,PACK,8.96,,,79.0137392193866,kg,,true,false,0,,,
cmq8qbky70001byt85enqsq5n,Salad Mix O/S,PROD,North Arm Farms,MASS,g,lb,each,1 each = 453.592 g,453.592,RATE,,22.99,lb,50.684315420025044,kg,,true,false,1,North Arm Farms,,
cmnmloj170015hgf0jm4o725w,Shallots,PROD,Sysco,MASS,g,g,case,1 case = 1 each → 1 each = 2267.96 g,2267.96,PACK,37.43,,,16.503818409495757,kg,,true,false,1,Sysco,,
cmr5mubju0009qp3lnl7rm560,Shiso Leaves - Green,PROD,Brew Creek Farm,COUNT,each,each,pack,1 pack = 1 each → 1 each = 1 each,1,PACK,11,,,11,each,,true,false,0,,,COUNT_NO_EACH_MEASURE
cmr5mu4ig0001qp3ljxyhhkjr,Shiso Leaves - Purple,PROD,Brew Creek Farm,COUNT,each,each,pack,1 pack = 1 each → 1 each = 1 each,1,PACK,11,,,11,each,,true,false,1,Brew Creek Farm,,COUNT_NO_EACH_MEASURE
c28fd86d75d8b42e89033376,sorrel,PROD,,COUNT,each,each,each,1 each = 1 each → 1 each = 1 each,1,PACK,22,,,22,each,,true,false,1,Brew Creek Farm,,COUNT_NO_EACH_MEASURE
cmrs8ebl000011449lthie0bt,SPINACH BABY FRESH,PROD,Sysco,MASS,g,case,case,1 case = 1 pack → 1 pack = 907.184 g,907.184,PACK,38.53,,,42.47208945484048,kg,,true,false,0,,,
cdef645fca0484acbafaba10,Squash Butternut,PROD,Sysco,COUNT,each,each,each,1 each = 30 each → 1 each = 1 each,30,PACK,51.85,,,1.7283333333333333,each,,true,false,1,Sysco,,COUNT_UNIT_COLLISION(counting in 'each' resolves to 30 each); DUPLICATE_CHAIN_UNITS; COUNT_NO_EACH_MEASURE
c6654a64d9da04a36aabcc21,Strawberries,PROD,Sysco,MASS,g,each,box,1 box = 6 each → 1 each = 2000 g,12000,PACK,92.93,,,7.7441666666666675,kg,,true,false,0,,,
cmq8noxtc000dmncoso338ud5,STRAWBERRY FRESH CALIF CLAMSHL,PROD,Sysco,MASS,g,each,case,1 case = 2 each → 1 each = 1814.368 g,3628.736,PACK,52.2,,,14.385174341699148,kg,,true,false,1,Sysco,,
cb1c0d04aa4734d789e2cf03,sunchokes,PROD,,COUNT,each,each,each,1 each = 1 each → 1 each = 1 each,1,PACK,0,,,0,each,,true,false,0,,,ZERO_PRICE; COUNT_NO_EACH_MEASURE
cbafc7a8822db451194b3b56,sweet potato,PROD,,COUNT,each,each,each,1 each = 1 each → 1 each = 1 each,1,PACK,0,,,0,each,,true,false,0,,,ZERO_PRICE; COUNT_NO_EACH_MEASURE
c02f843bb9a0c436e8225809,thai vhilis,PROD,,COUNT,each,each,each,1 each = 1 each → 1 each = 1 each,1,PACK,0,,,0,each,,true,false,0,,,ZERO_PRICE; COUNT_NO_EACH_MEASURE
ca84e66b32e9f4e6497d2a29,Thyme,PROD,,MASS,g,case,case,1 case = 453.592 g,453.592,PACK,21.21,,,46.76008395209792,kg,,true,false,1,Sysco,,
c5b5ea969d7ce4988b49a385,Tomatillo,PROD,Sysco,MASS,g,kg,each,1 each = 1 each → 1 each = 15875.72 g,15875.72,PACK,110.26,,,6.945196816270381,kg,,true,false,0,,,DUPLICATE_CHAIN_UNITS
cmrs8zwpo0001erugbcrc6lvi,"Tomatillos, Toma Verde — lb *** new crop - nimited supply - more next week ***",PROD,North Arm Farms,MASS,g,lb,case,1 case = 453.592 g,453.592,RATE,,3.49,lb,7.694139226441384,kg,,true,false,1,North Arm Farms,,
cmqlfpyns0001sitohuj3oyxt,TOMATO CHERRY MIXED 5LB,PROD,Sysco,MASS,g,each,case,1 case = 1 each → 1 each = 2267.96 g,2267.96,PACK,29.85,,,13.161607788497152,kg,,true,false,1,Sysco,,
cmq8rzrwl000311ay24f98dxv,TOMATO FRESH BEEFSTEAK TRAY,PROD,Sysco,MASS,g,case,case,1 case = 1 each → 1 each = 6803.88 g,6803.88,PACK,33.33,,,4.898675461648353,kg,,true,false,1,Sysco,,
cdbf82a8e124043038fda7cc,tomato red,PROD,,MASS,g,each,each,1 each = 1 each → 1 each = 4535.92 g,4535.92,PACK,26.68,,,5.8819379530503175,kg,,true,false,0,,,DUPLICATE_CHAIN_UNITS
c8d46150d63eb4874b7da5be,tuscan lettuce,PROD,Sysco,COUNT,each,each,each,1 each = 24 each → 1 each = 1 each,24,PACK,49.31,,,2.0545833333333334,each,,true,false,0,,,COUNT_UNIT_COLLISION(counting in 'each' resolves to 24 each); DUPLICATE_CHAIN_UNITS; COUNT_NO_EACH_MEASURE
cmq8qboa70009byt80axaxxx8,Violas - Edible Flowers (20),PROD,North Arm Farms,COUNT,each,each,case,1 case = 1 each → 1 each = 20 each,20,PACK,6.79,,,0.3395,each,,true,false,1,North Arm Farms,,COUNT_UNIT_COLLISION(counting in 'each' resolves to 20 each); COUNT_NO_EACH_MEASURE
c0eec111399b84c76bbc5662,Yellow potato,PROD,Sysco,MASS,g,case,case,1 case = 1 each → 1 each = 22679.6 g,22679.6,PACK,38.48,,,1.696678953773435,kg,,true,false,2,Sysco,,
cmr5nbyt7002ft9u73yrbcgee,"Zucchini, mixed baby",PROD,North Arm Farms,MASS,g,lb,case,1 case = 453.592 g,453.592,RATE,,6.49,lb,14.308012486992718,kg,,true,false,0,,,